title,color,type,avg_rating,num_of_ratings,selling_price,MRP
Wings Phantom Pro Gaming TWS with 30 Hrs Playtime Bluet...,Black, True Wireless,4,1934,2493,5499
Boult Audio ProBass Curve Neckband Bluetooth Headset,Blue, Black,4,333036,799,3499
Aroma NB120 Tehalka - 28 Hours Playtime Bluetooth Neckb...,Black, In the Ear,3.9,10398,379,1999
N2B MAGNET Red & k1 Pack of 2 Bluetooth Bluetooth Heads...,Black, Red,3.5,20079,260,1875
OnePlus Bullets Wireless Z Bass Edition Bluetooth Heads...,Bold Black, In the Ear,4.3,437395,1999,2190
Aroma NB119B Badshah - 40 Hours Playtime Bluetooth Neck...,Black, In the Ear,4,29426,459,1499
Oxhox HBS-730 Sports Stereo Headphone Bluetooth Headset,Black, In the Ear,3.5,12909,260,1999
Enacfire E60 Bullets Wireless Z Bass Edition Neckband h...,Reverb black, In the Ear,4.3,437106,599,3800
boAt Bassheads 103 Black Wired Headset,Black, In the Ear,4.2,1299042,349,1290
boAt Rockerz 235v2 with ASAP charging Version 5.0 Bluet...,Black, In the Ear,3.4,48161,999,2990
Oxhox Magnetic Bluetooth Headset with Mic Bluetooth Hea...,Black, In the Ear,3.9,35280,144,999
Boult Audio AirBass Xpods TWS Earbuds with 20H Playtime...,Black, True Wireless,4,625672,1299,4999
boAt Airdopes 131 Bluetooth Headset,Active Black, True Wireless,4.2,1299042,1099,2990
boAt Rockerz 235v2 with ASAP charging Version 5.0 Bluet...,Blue, In the Ear,4.3,437395,999,2990
OnePlus Bullets Wireless Z Bass Edition Bluetooth Heads...,Reverb Red, In the Ear,3.5,573,1999,2190
Aroma NB133B Straight Wireless Earbuds Bluetooth Headse...,Black, True Wireless,4.2,58523,699,2499
realme Buds Wireless 2 Neo with Type-C Fast Charge & Ba...,Black, In the Ear,4,63970,1499,2499
realme Buds Q2 Neo with Environment Noise Cancellation ...,Black, True Wireless,3.9,217931,1599,2499
Mivi DuoPods M20 True Wireless Bluetooth Headset,Black, True Wireless,3.3,1842,799,2999
N2B MAGNET-02 PACK OF 2 Bluetooth Headset,Black, True Wireless,4,625672,254,1998
boAt Airdopes 131 Bluetooth Headset,Midnight Blue, True Wireless,3.4,12140,1099,2990
Allmusic powerful driven bass with dynamic beats powere...,Multicolor, In the Ear,4,15841,260,1599
Aroma NB119C Carter - 36 Hours Playtime Bluetooth Neckb...,Black, In the Ear,3.7,92346,449,1999
Boult Audio AirBass Combuds Bluetooth Headset,White, True Wireless,3.9,43126,1299,4999
Mivi Duopods F30 with 42 hours battery Fast Charging TW...,White, True Wireless,3.9,99486,999,2999
Mivi Collar Classic Neckband with Fast Charging Bluetoo...,Black, In the Ear,3.4,56834,699,2499
CatBull In-ear Bluetooth Headset,Black, True Wireless,3.6,1904,130,499
FIER MGNT_k1-2 Bluetooth Headset Bluetooth without Mic ...,Black, True Wireless,4.2,887466,228,999
boAt Rockerz 255F Bluetooth Headset,Active Black, In the Ear,4.3,90,1099,2990
Grostar Moonwalk Mini in Ear True Wireless Bluetooth Ea...,Red, Black,4.1,14148,699,1995
Aroma NB119 Titanium - 48 Hours Playtime Bluetooth Neck...,Blue, In the Ear,3.8,631,649,2499
Aroma NB120B Dhoom - 28 Hours Playtime Bluetooth Neckba...,Black, In the Ear,3.4,183,379,1999
Avlokan Air Tune (Buds) True Wireless Bluetooth Headset...,Black, True Wireless,4,93468,426,1299
boAt Rockerz 333 Upto 30 Hours Battery Bluetooth Headse...,Active Black, In the Ear,4.1,56420,1499,3990
realme Buds Wireless 2 with Dart Charge and Active Nois...,Yellow, In the Ear,3.9,13327,2299,3499
U&I Fighter Series Deep Bass Neckband with 12 Hours Mus...,Black, In the Ear,4.3,1049774,399,1999
boAt Bassheads 100 Wired Headset,Black, In the Ear,4.3,535144,399,999
realme Buds 2 Wired Headset,Black, In the Ear,4.2,229212,599,799
boAt Rockerz 255F Pro with ASAP Charge and upto 10 Hour...,Active Black, In the Ear,3.9,18893,1149,3499
WeCool Moonwalk Mini in ear bluetooth Earbuds with 16 h...,Black, Yellow,3.4,0,849,1999
realme Buds Wireless 2 with Dart Charge and Active Nois...,Grey, In the Ear,4.1,56420,2299,3499
OnePlus Buds Z Bluetooth Headset,Grey, True Wireless,4.2,65051,2999,3190
boAt Airdopes 131 Bluetooth Headset,Cherry Blossom, True Wireless,4,625672,1099,2990
Wings Phantom Pro Gaming TWS with 30 Hrs Playtime Bluet...,Black, True Wireless,4,1934,2493,5499
OPPO Enco Buds With 24 hours Battery Life Bluetooth Hea...,White, True Wireless,4.2,34075,1799,3999
DIZO by realme TechLife Buds Z Bluetooth Headset,Onyx, True Wireless,4.3,11557,1599,2999
Mivi Collar Classic Neckband with Fast Charging Bluetoo...,Blue, In the Ear,3.9,99486,699,2499
Aroma NB120 Tehalka - 28 Hours Playtime Bluetooth Neckb...,Black, In the Ear,3.9,10398,379,1999
Aroma NB119 Titanium - 48 Hours Playtime Bluetooth Neck...,Black, In the Ear,4.1,14148,649,2499
AXYRO SN-K1 356 Bluetooth Headset,Black, In the Ear,3.8,999,152,999
boAt Rockerz 255F Pro+ Bluetooth Headset,Active Black, In the Ear,4.2,219374,1169,3990
Boult Audio ProBass Curve Neckband Bluetooth Headset,Black, Grey,4,333036,999,3499
DIZO by realme TechLife GoPods D with Enviornment Noise...,Black, True Wireless,4,30895,999,2499
Boult Audio ProBass Curve Neckband Bluetooth Headset,Blue, Black,4,333036,799,3499
JBL C150SI Wired Headset,Black, In the Ear,4.2,334732,649,1399
Enacfire E60 Bullets Wireless Z Bass Edition Neckband h...,Reverb black, In the Ear,3.7,10419,599,3800
NIRUM HBS-730 Wireless/bluetooth For ALL SMART MOBILES ...,Multicolor, In the Ear,4.1,28686,220,699
Noise Buds VS102 Truly Wireless Bluetooth Headset,Jet Black, True Wireless,3.9,13327,1282,2999
U&I Fighter Series Deep Bass Neckband with 12 Hours Mus...,Black, In the Ear,4,2834,399,1999
Aroma NB119 Advance - 40 Hours Playtime Bluetooth Neckb...,Yellow, Black,4.2,1299042,533,2499
boAt Rockerz 235v2 with ASAP charging Version 5.0 Bluet...,Red, In the Ear,4.1,5803,999,2990
Aroma NB119D Dream - 48 Hours Playtime Bluetooth Neckba...,Black, In the Ear,4.1,166582,599,1999
Boult Audio Bassbuds X1 Wired Headset,Black, In the Ear,3.9,35280,349,999
Boult Audio AirBass Xpods TWS Earbuds with 20H Playtime...,Black, True Wireless,3.7,6288,1299,4999
"FIER FGN-K1B,K1W Pack 2bluetooth,headphone Bluetooth He...",Black, White,4,333036,217,799
Boult Audio ProBass Curve Neckband Bluetooth Headset,Red, Black,3.3,1842,809,3499
N2B MAGNET-02 PACK OF 2 Bluetooth Headset,Black, True Wireless,3.5,573,254,1998
Aroma NB133B Straight Wireless Earbuds Bluetooth Headse...,Black, True Wireless,4,21398,699,2499
Truke Buds S1 Bluetooth Headset,Black, True Wireless,3.6,2567,1399,3999
Bhanu i7S Twins Earbuds Headphone with Charging box Min...,White, True Wireless,4,63970,449,1499
realme Buds Q2 Neo with Environment Noise Cancellation ...,Blue, True Wireless,3.8,631,1599,2499
Aroma NB120B Dhoom - 28 Hours Playtime Bluetooth Neckba...,Black, In the Ear,4,9619,379,1999
U&I Crash 30Hrs MusicTime WirelessNeckband with Call Vi...,Black, In the Ear,4.1,82872,449,2499
realme Buds Air 2 with Active Noise Cancellation (ANC) ...,Closer White, True Wireless,3.6,550,3299,4999
BRD BLUETOOTHHEADSET-A25 Bluetooth Headset,White, True Wireless,3.7,92346,260,999
Boult Audio AirBass Combuds Bluetooth Headset,White, True Wireless,3.9,217931,1299,4999
Mivi DuoPods M20 True Wireless Bluetooth Headset,Blue, True Wireless,3.8,1748,799,2999
TECHFIRE Fire 500v2 Neckband hi-bass Wireless Bluetooth...,Blue, In the Ear,4.1,2472,599,3850
U&I Alarm Series 40Hrs Music Time Wireless Neckband Ear...,Black, In the Ear,3.6,1904,495,2999
FIER MGNT_k1-2 Bluetooth Headset Bluetooth without Mic ...,Black, True Wireless,4,0,228,999
Noise Air Buds Mini Truly Wireless Bluetooth Headset,Pearl White, True Wireless,3.9,84624,1424,2999
Truke Buds Q1 with Environmental Noise Cancellation(ENC...,Blue, True Wireless,4,26069,1199,3499
Mi Basic Wired Headset,Blue, Black,4.3,712789,429,599
Wings Phantom Pro Gaming TWS with 30 Hrs Playtime Bluet...,Black, True Wireless,4,1934,2493,5499
Mivi Duopods F30 with 42 hours battery Fast Charging TW...,Red, True Wireless,3.9,43126,999,2999
KBOOM New Arival HBS-730 Unique Ring-necked Wireless St...,Multicolor, In the Ear,3.4,7605,260,1800
U&I Alarm Series 40Hrs Music Time Wireless Neckband Ear...,Red, In the Ear,4.1,2472,495,2999
Aroma NB120 Tehalka - 28 Hours Playtime Bluetooth Neckb...,Black, In the Ear,3.9,10398,379,1999
boAt Rockerz 333 Upto 30 Hours Battery Bluetooth Headse...,Navy Blue, In the Ear,4,93468,1499,3990
FIER Headset in Ear Earphone Bluetooth Headset,White, In the Ear,3.5,1043,155,499
Truke BTG 1 Gaming Earbuds with 60ms Low Latency Blueto...,Black, True Wireless,4,6100,1599,3499
Boult Audio ProBass Curve Neckband Bluetooth Headset,Black, Grey,4,333036,999,3499
boAt BassHeads 220 Wired Headset,Red, In the Ear,4.2,824592,404,999
Ambrane NeoBuds-33 Bluetooth Headset,Indigo Blue, True Wireless,3.9,4849,985,1799
boAt Rockerz 333 Pro with 60 Hours Battery Bluetooth He...,Navy Blue, In the Ear,4.3,1752,1799,2990
N2B MAGNET-02 PACK OF 2 Bluetooth Headset,Black, True Wireless,3.3,1842,254,1998
boAt Rockerz 450 with Upto 15 Hours Playback Bluetooth ...,Luscious Black, On the Ear,4.3,291076,1299,3990
TIGENECY i7S Single 2 PIC Ear Sound with Mic Bluetooth ...,White, True Wireless,3.5,85,221,999
boAt Rockerz 450 with Upto 15 Hours Playback Bluetooth ...,Hazel Beige, On the Ear,4.3,291076,1299,3990
Ubon Passion Series CL-75 Bluetooth Headset,Black, In the Ear,3.7,31,589,1499
boAt BassHeads 100 Wired Headset,Furious Red, In the Ear,4.3,1049774,399,999
U&I Prank 30Hrs Music Time Wireless Neckband Bluetooth ...,Black, In the Ear,4.4,81,439,2199
TECHFIRE Fire 500v2 Neckband hi-bass Wireless Bluetooth...,Green, In the Ear,3.8,1748,599,3850
Aroma NB119 Advance - 40 Hours Playtime Bluetooth Neckb...,Yellow, Black,4,2834,533,2499
Platina 1000 Bluetooth Headset,Multicolor, In the Ear,3.4,3550,245,999
XB9 bluetooth neckband RED 01 Bluetooth Headset,Red, In the Ear,3.3,56,300,999
Nothing ear (1) Bluetooth Headset,White, True Wireless,4.2,14250,5999,7299
"FIER FGN-K1B,K1W Pack 2bluetooth,headphone Bluetooth He...",Black, White,3.7,6288,217,799
boAt Rockerz 255F Pro with Fast Charging Bluetooth Head...,Navy Blue, In the Ear,4.2,229212,1149,3499
Mi Basic Wired Headset with Mic,Black, In the Ear,4.3,712789,429,599
Aroma NB119 Pro Belief- 30 Hours Playtime Bluetooth Nec...,Black, In the Ear,4,41625,439,1499
U&I Fighter Series Deep Bass Neckband with 12 Hours Mus...,Black, In the Ear,3.9,13327,399,1999
Truke Buds S1 Bluetooth Headset,Blue, True Wireless,4,21398,1399,3999
Noise Air Buds Mini Truly Wireless Bluetooth Headset,Pale Blue, True Wireless,3.9,84624,1499,2999
DAYNEO TwsL21 Mini Wireless Bluetooth Headset / Earphon...,Black, True Wireless,3.7,1762,664,1999
WeCool Moonwalk Mini in ear bluetooth Earbuds with 16 h...,Black, Yellow,3.9,18893,849,1999
Boult Audio AirBass Xpods TWS Earbuds with 20H Playtime...,Black, True Wireless,3.9,35280,1299,4999
PHILIPS SHE1505BK/94 Rich Bass Wired Headset,Black, In the Ear,4.1,20960,299,399
NOYMI Bluetooth Wireless Noise Cancelling Earphone with...,Black, In the Ear,3.8,13,299,1199
Boult Audio FluidX Bluetooth Headset,Black, On the Ear,4.1,3030,1199,4999
boAt BassHeads 220 Super Extra Bass Wired Headset,Neon Lime, In the Ear,4.2,824592,399,999
realme Buds Classic RMA2001 Wired Earphones with HD Mic...,White, In the Ear,4.2,105190,399,699
P3A K1 & Red Magnet Bluetooth Pack of 2 Bluetooth Heads...,Red, Black,3.6,330,257,1998
Wings Phantom Pro Gaming TWS with 30 Hrs Playtime Bluet...,Black, True Wireless,4,1934,2493,5499
Aroma NB119 Rock - 40 Hours Playtime Bluetooth Neckband...,Black, In the Ear,4,2909,669,2999
INFINITY (JBL) Glide N120 Bluetooth Headset,Black, Red,4.1,122548,1499,3999
boAt Rockerz 235v2 Bluetooth Headset,Black, In the Ear,4.2,1299042,999,2990
Aroma NB120 Tehalka - 28 Hours Playtime Bluetooth Neckb...,Black, In the Ear,3.9,10398,379,1999
BRD BLUETOOTHHEADSET-A37 Bluetooth Headset,White, Black,3.7,23,240,999
boAt Rockerz 255F Pro with Fast Charging Bluetooth Head...,Blazing Yellow, In the Ear,4.2,229212,1149,3249
realme Buds 2 Wired Headset,Orange, In the Ear,4.3,535144,599,799
Boult Audio ProBass Curve Neckband Bluetooth Headset,Black, Grey,4,333036,999,3499
Noise Buds Prima with 42 hrs of playtime and Quad Mic B...,Hope Blue, True Wireless,3.8,417,1799,5999
boAt BassHeads 100 Wired Headset,Taffy Pink, In the Ear,4.3,1049774,399,999
U&I Bigger Series Neckband with 100 Hours Battery Backu...,Black, In the Ear,4,1325,699,3499
Enacfire E60 Bullets Wireless Z Bass Edition Neckband h...,Reverb black, In the Ear,4.4,528,599,3800
DEFY CrestX with 16 Hours Playtime and Low Latency Blue...,Electric Blue, In the Ear,4.2,229212,699,1999
boAt Rockerz 255F Pro with Fast Charging Bluetooth Head...,Raging Red, In the Ear,3.8,60,1149,3499
Ruhi Collection Best Collection Earphones for In-Ear Ha...,White, In the Ear,3.9,35280,169,999
Boult Audio AirBass Xpods TWS Earbuds with 20H Playtime...,Black, True Wireless,3.4,367,1299,4999
BLYTHE KAJU Bluetooth Mini Earphone Bluetooth Headset,Black, True Wireless,3.7,1163,179,999
Aroma NB136A Rifle Gaming Earbuds Bluetooth Gaming Head...,Black, True Wireless,4,30895,854,2499
DIZO by realme TechLife GoPods D with Enviornment Noise...,White, True Wireless,4,2834,999,2499
Aroma NB119 Advance - 40 Hours Playtime Bluetooth Neckb...,Yellow, Black,3.7,134,533,2499
yRut NEW SOON_NY SUPER BASS SOUND LOW PRICE IN2 BLUETOO...,Blue, In the Ear,4.3,114661,498,999
boAt BassHeads 172 Wired Headset,Jazzy Blue, In the Ear,4,25305,499,1299
Boult Audio Pro Bass Curve Pro Bluetooth Headset,Grey, In the Ear,3.3,1842,1099,4999
N2B MAGNET-02 PACK OF 2 Bluetooth Headset,Black, True Wireless,4,70713,254,1998
SAMSUNG Level U2 With Type-C Charging Bluetooth Headset,Blue, In the Ear,4.2,258319,2199,2999
realme Buds Wireless Bluetooth Headset,Yellow, In the Ear,4,4948,1780,1999
realme Buds Q2 with Active Noise Cancellation Bluetooth...,Black, In the Ear,3.9,13327,2499,3499
U&I Fighter Series Deep Bass Neckband with 12 Hours Mus...,Black, In the Ear,4.2,258319,399,1999
Enacfire E60 Bullets Wireless Z Bass Edition Neckband h...,Bass Blue, In the Ear,3.6,11358,599,3850
realme Buds Wireless Bluetooth Headset,Green, In the Ear,3.9,18893,1765,1999
VR WORLD Bt01 Blutooth Headset Bluetooth Headset,Black, In the Ear,3.3,188,181,1190
WeCool Moonwalk Mini in ear bluetooth Earbuds with 16 h...,Black, Yellow,4.3,1049774,849,1999
CADNUT HBS 730 Wireless Neckband Bluetooth Earphone Blu...,Black, True Wireless,4.1,1089,238,999
boAt BassHeads 100 Wired Headset,White, In the Ear,3.7,6288,399,839
Aroma NB119 Champion - 50 Hours Playtime Bluetooth Neck...,Blue, In the Ear,4,0,649,2999
"FIER FGN-K1B,K1W Pack 2bluetooth,headphone Bluetooth He...",Black, White,5,0,217,799
Ucool Prime 48 Hours Playtime Wireless Neckband Earphon...,Black, In the Ear,4,805,599,1999
Boult Audio ProBass Escape Bluetooth Headset,Black, In the Ear,3.9,13427,899,3999
INFINITY (JBL) Glide N120 Bluetooth Headset,Black, Yellow,4.1,122548,1499,3999
Wings Phantom Pro Gaming TWS with 30 Hrs Playtime Bluet...,Black, True Wireless,4,1934,2493,5499
BRD BLUETOOTHHEADSET-A33 Bluetooth Headset,White, True Wireless,3.5,1269,260,999
boAt Airdopes 402 Bluetooth Headset,Bold Blue, True Wireless,3.9,202799,1599,5990
Noise Buds Prima with 42 hrs of playtime and Quad Mic B...,Simply Beige, True Wireless,3.8,417,1799,5999
Aroma NB120 Tehalka - 28 Hours Playtime Bluetooth Neckb...,Black, In the Ear,3.9,10398,379,1999
boAt Bassheads 242 Wired Headset,Blue, In the Ear,4.3,405112,549,1490
Boult Audio AirBass Xpods TWS Earbuds with 20H Playtime...,Blue, True Wireless,3.9,35280,1299,4999
boAt Rockerz 510 Super Extra Bass Bluetooth Headset,Furious blue, On the Ear,4.4,151981,1399,3490
Boult Audio ProBass Curve Neckband Bluetooth Headset,Black, Grey,4,333036,999,3499
boAt Rockerz 255F Pro/ Rockerz 255 Pro Bluetooth Headse...,Active Black Indi, In the Ear,3.9,239,1149,3499
CADNUT Wireless Earphone G with Portable Charging Case ...,Blue, True Wireless,3.6,1318,474,1499
"Microflash Touch, Voice Control-LED Display Earbuds Blu...",Black, True Wireless,4,2014,1199,2499
N2B MAGNET-02 PACK OF 2 Bluetooth Headset,Black, True Wireless,3.3,1842,254,1998
OnePlus Buds Bluetooth Headset,Grey, True Wireless,4.1,31872,4990,1999
DEFY CrestX with 16 Hours Playtime and Low Latency Blue...,Active Black, In the Ear,4.4,528,699,999
iBAss 3.5MM Deep Bass For O_PPO Reno Series Wired Gamin...,White, In the Ear,4.1,375,259,1499
Ubon Passion Series CL-75 Bluetooth Headset,Black, In the Ear,3.7,31,589,899
VlVO High Bass Earphones Wired Headset,White, In the Ear,3.4,327,179,1995
Grostar TWS-Mini True Wireless Ear-Buds with Noise Canc...,Black, True Wireless,3.8,449,649,1299
Hypex Stylish Wired Headphone With High Bass Sound & Mi...,Multicolor, On the Ear,3.3,69,199,2499
Aroma NB119 Advance - 40 Hours Playtime Bluetooth Neckb...,Yellow, Black,4,2834,533,599
realme Buds 2 Neo With HD Mic Wired Headset,Black, In the Ear,4.2,19975,499,2499
Mivi Collar Classic Neckband with Fast Charging Bluetoo...,Red, In the Ear,3.9,99486,699,2665
Boult Audio AirBass Monopod Bluetooth Headset,Black, True Wireless,3.8,75014,580,4999
Boult Audio AirBass Xpods TWS Earbuds with 20H Playtime...,Black, True Wireless,3.9,35280,1299,2490
boAt BassHeads 900 Super Extra Bass Wired Headset,Pearl White, On the Ear,4.4,238169,699,2499
RoyalRich LED Display TWS Earbuds Bluetooth Headset,Black, True Wireless,4,306,999,2999
JBL Tune 125BT Bluetooth Headset,Black, In the Ear,3.8,13159,1614,1999
U&I Fighter Series Deep Bass Neckband with 12 Hours Mus...,Black, In the Ear,3.9,13327,399,1200
YODNSO 42472 Wired Headset,Black, In the Ear,3.8,107,148,2499
Noise Nerve Neckband Bluetooth Headset,Stone Blue, In the Ear,4,4902,999,4999
Truke Fit 1 Bluetooth Headset,Blue, True Wireless,3.9,14974,799,799
"FIER FGN-K1B,K1W Pack 2bluetooth,headphone Bluetooth He...",Black, White,3.7,6288,217,1149
Cosmic Byte Stardust Wired Gaming Headset,Red, On the Ear,4.2,10071,799,1299
WeCool IN-EAR WIRED EARPHONES WITH MIC Wired Headset,Red, In the Ear,3.9,13339,279,2499
Boult Audio Bass Bud Q2 Wired Headset,Black, On the Ear,4.1,18050,590,1999
WeCool Moonwalk Mini in ear bluetooth Earbuds with 16 h...,Black, Yellow,3.9,18893,849,0
TECHFIRE Tf M-31 Neckband hi-bass headphone Wireless Bl...,Green, In the Ear,3.7,1507,499,1950
Ambrane NeoBuds-33 Bluetooth Headset,Black, True Wireless,3.9,4849,987,1799
SAMSUNG Original EHS64 Black Wired Headset,Black, In the Ear,4.2,6452,499,1999
DEFY CrestX with 16 Hours Playtime and Low Latency Blue...,Lively Green, In the Ear,4.4,528,699,999
BRD BLUETOOTHHEADSET-A26 Bluetooth Headset,White, True Wireless,3.7,185,260,899
touch care High Bass Earphones Wired Headset,White, In the Ear,3.7,170,177,899
CatBull Truewireless Headphone Bluetooth Headset Blueto...,Black, In the Ear,3.8,247,135,449
U&I Pasta Series Extra Bass Wired Earphone with Mic Wir...,Brown, In the Ear,4.3,44831,170,2499
DIZO by realme TechLife Wireless Bluetooth Headset,Green, In the Ear,4.6,14,999,1999
CADNUT OP-3 Bluetooth Headset,Green, Black,3.2,9,369,1899
DettoZap i12s Bluetooth Wireless Headphone with Mic and...,White, True Wireless,3.8,801,449,1499
Ambrane BassBand Beat Bluetooth Headset,Grey, In the Ear,4.2,120,759,2999
HRX X-Drops 440G Bluetooth Headset,Black, In the Ear,3.9,669,1499,2699
U&i Prime Shuffle 2 Wireless Neckband with Sports and M...,Black, In the Ear,3.5,17,499,1025
icall BBD-S650 One side Earbuds (With Charging Cable) B...,Black, True Wireless,4.2,74477,208,599
Redmi by Mi Hi-Resolution Audio Wired Headset,Black, In the Ear,4.2,25388,399,999
boAt Bassheads 104 Wired Headset,White, In the Ear,4.3,291076,399,3990
boAt Rockerz 450 with Upto 15 Hours Playback Bluetooth ...,Aqua Blue, On the Ear,3,6,1499,4999
DigiClues Smart TWS with Charging Case & Power Bank HD ...,Black, True Wireless,3.8,14,1299,899
FUTURESTARRKK REALMEN BLUETOOTH NECKBAND IN THE EAR Blu...,Black, Yellow,4.1,88,219,1099
SYARA WNF_696L_Level Neck Band Bluetooth Headset Blueto...,Black, In the Ear,3.8,679,589,1099
Qexle Harons_Hbs730_01 Bluetooth Headset,Black, In the Ear,4.2,334732,399,1299
Ambrane BassBand Lite Bluetooth Headset,Black, In the Ear,3.9,73755,788,1399
JBL C150SI Wired Headset,Red, In the Ear,4.3,9,649,7999
JBL C100TWS True Wireless with Google Assistant Bluetoo...,Black, True Wireless,3.7,501,2499,999
TIGENECY LOW PRICE ALL MOBILE'SUPPORTED Bluetooth 2 PIC...,Black, True Wireless,4.1,9930,232,999
BRD BLUETOOTHHEADSET-A29 Bluetooth Headset,White, True Wireless,3.6,980,199,599
Portronics POR-1071 Conch Beta Wired Headset,Black, In the Ear,4.1,221,229,1299
Clownfish HEADPHONE BLUETOOTH I12 TWS EARBUD TRUE WIREL...,White, True Wireless,4,853,489,1999
FIER MAGNET-K1-I7 Pack of 3 Bluetooth Bluetooth Headset...,Black, White,4.5,13,369,2499
Aroma NB119 Diamond - 50 Hours Playtime Bluetooth Neckb...,Black, In the Ear,3.4,39770,649,2999
Ucool EliteSport 50 Hours Playtime Wireless Neckband Ea...,Black, Grey,4.1,82872,749,399
MJ Hub -730 Headphone wireless music crystal clear ster...,Black, In the Ear,3.8,35074,220,1599
Oxhox HBS-730 Wireless compatible with 4G redmi Headset...,Black, In the Ear,3.8,3440,260,4999
realme Buds Air 2 with Active Noise Cancellation (ANC) ...,Closer Gold, True Wireless,4.1,16689,3299,1199
ZEBRONICS ZEB-SYMPHONY Bluetooth Headset,Black, In the Ear,4.3,114661,649,2850
TECHFIRE Platinum Series Neckband - Low Price Bluetooth...,Blue, In the Ear,3.4,5543,599,3999
Boult Audio Thunder Bluetooth Headset,Black, On the Ear,4.2,0,1199,1299
boAt BassHeads 172 Wired Headset,Raging Red, In the Ear,5,0,499,999
Oxhox Wireless compatible with 4G redmi Bluetooth Heads...,Red, Black,5,0,147,0
Matlek Gaming Headphones With Adjustable Mic | Deep Bas...,Blue, On the Ear,4.1,236,699,1490
boAt Rockerz 450 with Upto 15 Hours Playback Bluetooth ...,Aqua Blue, On the Ear,4.3,291076,1499,3990
icall BBD-S650 One side Earbuds (With Charging Cable) B...,Black, True Wireless,3.5,17,208,1025
Wings Phantom Pro Gaming TWS with 30 Hrs Playtime Bluet...,Black, True Wireless,4,1934,2493,5499
Redmi by Mi Hi-Resolution Audio Wired Headset,Black, In the Ear,4.2,74477,399,599
Aroma NB119 Metal - 40 Hours Playtime Bluetooth Neckban...,Black, In the Ear,4,206,465,2499
boAt Bassheads 104 Wired Headset,White, In the Ear,4.2,25388,399,999
Aroma NB120 Tehalka - 28 Hours Playtime Bluetooth Neckb...,Black, In the Ear,3.9,10398,379,1999
DigiClues Smart TWS with Charging Case & Power Bank HD ...,Black, True Wireless,3,6,1299,4999
Qexle Harons_Hbs730_01 Bluetooth Headset,Black, In the Ear,4.1,88,399,1099
Ambrane BassBand Lite Bluetooth Headset,Black, In the Ear,3.8,679,788,1299
Boult Audio ProBass Curve Neckband Bluetooth Headset,Blue, Black,4,333036,799,3499
JBL C150SI Wired Headset,Red, In the Ear,4.2,334732,649,1399
JBL C100TWS True Wireless with Google Assistant Bluetoo...,Black, True Wireless,3.9,73755,2499,7999
TIGENECY LOW PRICE ALL MOBILE'SUPPORTED Bluetooth 2 PIC...,Black, True Wireless,4.3,9,232,999
Boult Audio ProBass Curve Neckband Bluetooth Headset,Black, Grey,4,333036,999,3499
Soundcore by Anker Life Q10 with Fast Charging Bluetoot...,Blue, On the Ear,4.4,28087,2499,6999
Portronics POR-1071 Conch Beta Wired Headset,Black, In the Ear,4.1,9930,229,599
FIER MAGNET-K1-I7 Pack of 3 Bluetooth Bluetooth Headset...,Black, White,3.6,980,369,1999
Enacfire E60 Bullets Wireless Z Bass Edition Neckband h...,Reverb black, In the Ear,4,853,599,3800
Clownfish HEADPHONE BLUETOOTH I12 TWS EARBUD TRUE WIREL...,White, True Wireless,4.1,221,489,1299
Ucool EliteSport 50 Hours Playtime Wireless Neckband Ea...,Black, Grey,3.3,1842,749,2999
Aroma NB119 Diamond - 50 Hours Playtime Bluetooth Neckb...,Black, In the Ear,4.1,866,649,2499
N2B MAGNET-02 PACK OF 2 Bluetooth Headset,Black, True Wireless,4.5,13,254,1998
WeCool Moonwalk M3-V2 Bluetooth In Ear True wireless Ea...,Black, True Wireless,3.8,107,1199,3999
MJ Hub -730 Headphone wireless music crystal clear ster...,Black, In the Ear,4,2834,220,399
YODNSO 42472 Wired Headset,Black, In the Ear,4,26069,148,1200
Aroma NB119 Advance - 40 Hours Playtime Bluetooth Neckb...,Yellow, Black,3.8,3440,533,2499
Truke Buds Q1 with Environmental Noise Cancellation(ENC...,Black, True Wireless,3.8,35074,1199,3499
TECHFIRE Platinum Series Neckband - Low Price Bluetooth...,Blue, In the Ear,3.8,631,599,2850
ZEBRONICS ZEB-SYMPHONY Bluetooth Headset,Black, In the Ear,4,70713,649,1199
Aroma NB120B Dhoom - 28 Hours Playtime Bluetooth Neckba...,Black, In the Ear,4.3,114661,379,1999
SAMSUNG Level U2 With Type-C Charging Bluetooth Headset,Black, In the Ear,3.3,56,2199,2999
boAt BassHeads 172 Wired Headset,Raging Red, In the Ear,3.9,35280,499,1299
XB9 bluetooth neckband BLUE 01 Bluetooth Headset,Blue, In the Ear,4.2,19975,300,999
Boult Audio AirBass Xpods TWS Earbuds with 20H Playtime...,Black, True Wireless,3.8,449,1299,4999
realme Buds 2 Neo With HD Mic Wired Headset,Blue, In the Ear,3.5,20079,499,599
Grostar TWS Blueteeth 5.0 Dual Auto Pair Portable True ...,Red, True Wireless,3.5,573,649,1999
N2B TWS Twins Wireless Bluetooth Earphone with Mic HEAD...,White, In the Ear,4,0,399,999
Aroma NB133B Straight Wireless Earbuds Bluetooth Headse...,Black, True Wireless,5,0,699,2499
boAt Airdopes 431 Bluetooth Headset,Sporty Blue, In the Ear,3.9,10274,1999,5999
Noise Buds VS102 Truly Wireless Bluetooth Headset,Pearl White, True Wireless,4.1,28686,1282,2999
boAt Rockerz 400 Bluetooth Headset,Red, Black,4.3,310831,1299,2990
Wings Phantom Pro Gaming TWS with 30 Hrs Playtime Bluet...,Black, True Wireless,4,1934,2493,5499
kabeer enterprises 3D Ultra Bass Powerful Sound Redm.i ...,Black, In the Ear,3.5,1043,256,1199
"webster Sa__msung Gal-axy J4 Plus,Note 8,A9,J2 Core,J6 ...",White, In the Ear,3.5,1755,175,999
PTron InTunes Lite Neckband Bluetooth Headset,Black, Red,3.8,16286,549,1800
Aroma NB120 Tehalka - 28 Hours Playtime Bluetooth Neckb...,Black, In the Ear,3.9,10398,379,1999
ZEBRONICS ZEB-Thunder(Black) Bluetooth Headset,Black, On the Ear,4,41082,849,1199
boAt BassHeads 182 Wired Headset,Jazzy Blue, In the Ear,4.3,114916,499,1299
boAt Bassheads 100 Wired Headset,Mint Orange, In the Ear,4.3,1049774,399,999
Boult Audio ProBass Curve Neckband Bluetooth Headset,Black, Grey,4,333036,999,3499
Nine9 SH12 Bluetooth Headset,Black, On the Ear,3.8,9600,599,1499
MLN SPORTS-1062 30 hours play time Neckband Bluetooth H...,Black, In the Ear,3.7,124,599,2999
boAt Airdopes 381 with ASAP charge Bluetooth Headset,Mint Purple, True Wireless,3.9,221939,1799,4990
Enacfire E60 Bullets Wireless Z Bass Edition Neckband h...,Reverb black, In the Ear,3.4,565,599,3800
CASADOMANI Sport Stereo Earbud Wireless with Mic Mini B...,White, True Wireless,4,50,359,700
FIER Blutooth Headphone-ZEE-K1-1 Bluetooth Headset Blue...,Black, White,3.9,14974,231,699
Truke Fit 1 Bluetooth Headset,Black, True Wireless,3.9,35280,799,4999
Boult Audio AirBass Xpods TWS Earbuds with 20H Playtime...,Black, True Wireless,3.1,228,1299,4999
DigiClues Smart HD Sound Earphone with Charging Case Bl...,White, True Wireless,3.8,801,649,1999
Ambrane BassBand Beat Bluetooth Headset,Black, In the Ear,3.8,1316,759,1499
FIER FGN-K1W-02 Bluetooth Headset Bluetooth without Mic...,White, In the Ear,4,2834,151,499
Aroma NB119 Advance - 40 Hours Playtime Bluetooth Neckb...,Yellow, Black,3.7,8086,533,2499
Truke Fit Pro Power Bluetooth Headset,Blue, True Wireless,4,543,999,3999
U&I Zip Series Wired Headphone with Mic Wired Headset,Blue, On the Ear,3.4,490,299,799
DigiClues Smart With Charging Case Bluetooth Headset,White, True Wireless,3.3,1842,649,1999
N2B MAGNET-02 PACK OF 2 Bluetooth Headset,Black, True Wireless,3.5,35,254,1998
Casa Tech Super i7S Twins Wireless Bluetooth Earbud Ear...,White, True Wireless,3.4,697,349,800
Plus Shine TWS Wireless Bluetooth Earphone Bluetooth He...,White, True Wireless,3.7,4617,449,1899
realme Buds Wireless Pro with Active Noise Cancellation...,Yellow, In the Ear,3.9,13327,3999,5999
U&I Fighter Series Deep Bass Neckband with 12 Hours Mus...,Black, In the Ear,4.3,114916,399,1999
boAt BassHeads 182 Wired Headset,Raging Red, In the Ear,4.3,36720,499,1296
JBL Endurance Run Wired Headset,Black, In the Ear,3.6,91,999,1599
TIGENECY ALL MOBILE SUPPORTED COMBO -K1 Bluetooth MEGNE...,Black, In the Ear,4.1,3030,239,999
Boult Audio FluidX Bluetooth Headset,Black, On the Ear,4.2,245914,1199,4999
SONY 310AP Wired Headset,Black, On the Ear,4,21132,949,2190
U&I Smash Series Neckband with 12 Hours Battery Backup ...,Black, In the Ear,3.4,1211,539,2199
CatBull Wireless Sports Bluetooth Magnet Earphone Hands...,Red, In the Ear,3.7,6288,132,499
"FIER FGN-K1B,K1W Pack 2bluetooth,headphone Bluetooth He...",Black, White,3.8,0,217,799
boAt Rockerz 370 Bluetooth Headset,Gregarious Green, On the Ear,4.2,40041,999,2499
Aroma NB119 Champion - 50 Hours Playtime Bluetooth Neck...,Black, In the Ear,4.1,1089,649,2999
Borneo HBS-730 Sports Headphone Wireless BT Earphone fo...,Black, In the Ear,3.7,54,247,1299
Wings Phantom Pro Gaming TWS with 30 Hrs Playtime Bluet...,Black, True Wireless,4,1934,2493,5499
Aroma NB133B Straight Wireless Earbuds Bluetooth Headse...,Black, True Wireless,3.5,573,699,2499
Noise Buds Prima with 42 hrs of playtime and Quad Mic B...,Charcoal Black, True Wireless,3.8,417,1799,5999
THE MOBILE POINT True Wireless Bluetooth Headset Blueto...,Black, True Wireless,3.4,1917,495,2499
Aroma NB120 Tehalka - 28 Hours Playtime Bluetooth Neckb...,Black, In the Ear,3.9,10398,379,1999
TIGENECY Low Price Bluetooth Neckband Bluetooth K1 Head...,Black, In the Ear,3.8,3374,151,999
ZEBRONICS Evolve Bluetooth Headset,Grey, Black,3.9,9212,664,1499
Aloof A31 Bluetooth Headset,Green, In the Ear,3.9,809,599,1599
Boult Audio ProBass Curve Neckband Bluetooth Headset,Black, Grey,4,333036,999,3499
TECHEL 38 _BLUETOOTH EARBUDS|BLUETOOTH HEADS Bluetooth ...,White, True Wireless,3.9,316,349,899
Aroma NB119 Bullet - 40 Hours Playtime Bluetooth Neckba...,Red, Black,3.8,825,528,2499
Boult Audio AirBass FreePods Pro Bluetooth Headset,Black, True Wireless,3.3,10300,1499,5999
Enacfire E60 Bullets Wireless Z Bass Edition Neckband h...,Reverb black, In the Ear,3.2,229,599,3800
Plus Shine i12s_MA05 Bluetooth Headset,White, True Wireless,3.9,221939,549,1599
boAt Airdopes 381 with ASAP charge Bluetooth Headset,Spirit Lime, True Wireless,4.1,1712,1799,4990
ZEBRONICS Zeb-Thunder PRO Wireless Bluetooth Headset,Black, On the Ear,3.3,1842,986,1899
N2B MAGNET-02 PACK OF 2 Bluetooth Headset,Black, True Wireless,3.8,133,254,1998
Casa Tech Wired Extra Bass On-Ear Headphones Wired Head...,Blue, On the Ear,3.8,9600,239,700
Nine9 Bluetooth Headphone with FM/SD Card Bluetooth Hea...,Blue, On the Ear,3.7,8221,499,899
electmart Original Earphone Deep Bass on mobile Wired H...,White, In the Ear,3.7,31,223,449
Ubon Passion Series CL-75 Bluetooth Headset,Black, In the Ear,3.6,464,589,1499
FIER Sports Bluetooth Magnet Headset Bluetooth Headset ...,Black, In the Ear,3.6,1318,168,599
"CADNUT NEWLY BUDS WIRELESS BLUETOOTH EARBUDS ,PORTABLE ...",Yellow, True Wireless,3.4,780,465,1499
DELMOHUT Hp17 mini mineckband in-Ear headphone with mic...,Black, In the Ear,4,2834,277,899
Aroma NB119 Advance - 40 Hours Playtime Bluetooth Neckb...,Yellow, Black,3.7,18513,533,2499
Truke Fit Pro Bluetooth Headset,Black, True Wireless,3.7,5317,799,4999
PTron Basspods 481 Bluetooth Headset,Black, Silver,4.2,7050,799,3799
Cosmic Byte GS430 Wired Gaming Headset,Red, On the Ear,3.9,35280,929,1499
Boult Audio AirBass Xpods TWS Earbuds with 20H Playtime...,Black, True Wireless,3.9,22,1299,4999
kabeer enterprises WIRELESS BLUETOOTH HEADSET WITH CHAR...,White, True Wireless,4.3,405112,360,1299
boAt Bassheads 242 Wired Headset,Active Black, In the Ear,3.5,24696,404,1490
CatBull In-ear Bluetooth Headsets Bluetooth Headset,Black, In the Ear,3.7,6288,130,699
"FIER FGN-K1B,K1W Pack 2bluetooth,headphone Bluetooth He...",Black, White,3.7,117,217,799
BRD BLUETOOTHHEADSET-A32 Bluetooth Headset,White, True Wireless,3.7,302,199,999
KRAZZY INDIA b11 red Bluetooth Headset,Red, In the Ear,4.2,10071,235,999
Cosmic Byte Stardust Wired Gaming Headset,Blue, On the Ear,3.9,13327,799,1149
U&I Fighter Series Deep Bass Neckband with 12 Hours Mus...,Black, In the Ear,3.7,0,399,1999
THE MOBILE POINT True Wireless Bluetooth Headset Blueto...,Black, True Wireless,3.4,1917,495,2499
ZEBRONICS Evolve Bluetooth Headset,Grey, Black,3.9,9212,664,1499
Aloof A31 Bluetooth Headset,Green, In the Ear,3.9,809,599,1599
Wings Phantom Pro Gaming TWS with 30 Hrs Playtime Bluet...,Black, True Wireless,4,1934,2493,5499
Aroma NB119 Champion - 50 Hours Playtime Bluetooth Neck...,Black, In the Ear,4.1,1089,649,2999
TECHEL 38 _BLUETOOTH EARBUDS|BLUETOOTH HEADS Bluetooth ...,White, True Wireless,3.9,316,349,899
JBL Tune 125BT Bluetooth Headset,Blue, In the Ear,3.8,13159,1614,2999
Aroma NB120 Tehalka - 28 Hours Playtime Bluetooth Neckb...,Black, In the Ear,3.9,10398,379,1999
boAt Bassheads 100 Wired Headset,Courageous Orange, In the Ear,4.3,1049774,399,999
Boult Audio AirBass FreePods Pro Bluetooth Headset,Black, True Wireless,3.3,10300,1499,5999
Plus Shine i12s_MA05 Bluetooth Headset,White, True Wireless,3.2,229,549,1599
Boult Audio ProBass Curve Neckband Bluetooth Headset,Blue, Black,4,333036,799,3499
SONY 310AP Wired Headset,Black, On the Ear,4.2,245914,949,2190
PTron Basspods 481 Bluetooth Headset,Black, Silver,3.7,5317,799,3799
Cosmic Byte Stardust Wired Gaming Headset,Blue, On the Ear,4.2,10071,799,1149
Boult Audio ProBass Curve Neckband Bluetooth Headset,Black, Grey,4,333036,999,3499
boAt Airdopes 381 with ASAP charge Bluetooth Headset,Spirit Lime, True Wireless,3.9,221939,1799,4990
Aroma NB119 Platinum - 48 Hours Playtime Bluetooth Neck...,Black, In the Ear,4,2684,649,2499
ZEBRONICS Zeb-Thunder PRO Wireless Bluetooth Headset,Black, On the Ear,4.1,1712,986,1899
Enacfire E60 Bullets Wireless Z Bass Edition Neckband h...,Reverb black, In the Ear,3.8,133,599,3800
Casa Tech Wired Extra Bass On-Ear Headphones Wired Head...,Blue, On the Ear,3.6,464,239,700
FIER Sports Bluetooth Magnet Headset Bluetooth Headset ...,Black, In the Ear,3.9,292,168,599
MLN NB-1035 Sports Wireless 24 hours play time Neckband...,Black, In the Ear,3.9,35280,599,2999
Boult Audio AirBass Xpods TWS Earbuds with 20H Playtime...,Black, True Wireless,4.2,7050,1299,4999
Cosmic Byte GS430 Wired Gaming Headset,Red, On the Ear,3.9,22,929,1499
kabeer enterprises WIRELESS BLUETOOTH HEADSET WITH CHAR...,White, True Wireless,3.7,18513,360,1299
Truke Fit Pro Bluetooth Headset,Black, True Wireless,4,2834,799,4999
Aroma NB119 Advance - 40 Hours Playtime Bluetooth Neckb...,Yellow, Black,3.7,302,533,2499
KRAZZY INDIA b11 red Bluetooth Headset,Red, In the Ear,4.3,405112,235,999
boAt Bassheads 242 Wired Headset,Active Black, In the Ear,3.7,117,404,1490
BRD BLUETOOTHHEADSET-A32 Bluetooth Headset,White, True Wireless,3.5,573,199,999
Aroma NB133B Straight Wireless Earbuds Bluetooth Headse...,Black, True Wireless,3.5,24696,699,2499
CatBull In-ear Bluetooth Headsets Bluetooth Headset,Black, In the Ear,3.6,1318,130,699
"CADNUT NEWLY BUDS WIRELESS BLUETOOTH EARBUDS ,PORTABLE ...",Yellow, True Wireless,3.4,773,465,1499
SkyKey TIG-BLK-MEGNET-74 Bluetooth Headset,Black, In the Ear,3.3,1842,176,999
N2B MAGNET-02 PACK OF 2 Bluetooth Headset,Black, True Wireless,3.6,6770,254,1998
DAYNEO TWS- I 21 - Bluetooth Headset,Black, True Wireless,3.8,9600,657,3999
Nine9 Bluetooth Headphone with FM/SD Card Bluetooth Hea...,Blue, On the Ear,3.5,1920,499,899
TECHFIRE L21 Wireless Earphone Mini Bluetooth 5.0 Headp...,Black, In the Ear,3.7,92346,692,2450
Boult Audio AirBass Combuds Bluetooth Headset,White, True Wireless,3.4,0,1299,4999
wow wireless true wireless airpods bluetooth headset wi...,Black, True Wireless,4.1,173069,799,2499
SONY ZX110A Wired without Mic Headset,White, On the Ear,4.3,36720,709,1390
JBL Endurance Run Wired Headset,Yellow, In the Ear,4,1934,990,1599
Wings Phantom Pro Gaming TWS with 30 Hrs Playtime Bluet...,Black, True Wireless,3.9,9212,2493,5499
ZEBRONICS Zeb-Evolve Bluetooth Headset,Metallic Red, In the Ear,3.7,20584,699,1499
HOPPUP MINI Bluetooth Headset,Red, True Wireless,4.2,10,649,1999
Benco Air1 TWS Gaming Earbuds with 12mm driver 60ms Lat...,Black, True Wireless,3.9,10398,999,3599
Aroma NB120 Tehalka - 28 Hours Playtime Bluetooth Neckb...,Black, In the Ear,3.7,18513,379,1999
Truke Fit Pro Bluetooth Headset,Green, True Wireless,4.5,23,799,4999
ULTADOR HBS-730 Sports Stereo Headphones Bluetooth Head...,Black, In the Ear,3.8,1575,399,1799
SkyKey TIG-BLK-K1-72 Bluetooth Headset,Black, In the Ear,4,333036,151,999
Boult Audio ProBass Curve Neckband Bluetooth Headset,Black, Grey,3.6,773,999,3499
SOWME Q20 Bluetooth Magnetic Handsfree Headphones for S...,Red, In the Ear,3.6,1201,132,999
ZEBRONICS ZEB-200HM MULTIMEDIA HEADPHONE WITH MIC Wired...,Black, On the Ear,3.7,17002,499,799
Boult Audio AirBass GearPods with 32H Playtime Bluetoot...,Blue, True Wireless,3.3,1842,1499,5999
N2B MAGNET-02 PACK OF 2 Bluetooth Headset,Black, True Wireless,3.6,885,254,1998
N2B k1 & MAGNET Red Pack of 2 Bluetooth Bluetooth Heads...,Black, Red,4.1,19773,256,1998
SONY WH-CH510 Google Assistant enabled Bluetooth Headse...,Black, On the Ear,4.4,8,2990,4990
kabeer enterprises Best Extra bass Headphones Over The ...,Black, On the Ear,3.7,31,241,1299
Ubon Passion Series CL-75 Bluetooth Headset,Black, In the Ear,3.7,3,589,1499
DigiClues Tune-200 Wireless Neckband with Mic HD Sound ...,Black, True Wireless,4.3,1049774,699,2999
boAt Bassheads 100 Wired Headset,Courageous Orange, In the Ear,3.6,113,399,999
FLYSTO wirless b11 bluetooth neckband Bluetooth Headset,Black, In the Ear,4,2834,300,799
Aroma NB119 Advance - 40 Hours Playtime Bluetooth Neckb...,Yellow, Black,3.8,302,533,2499
CADNUT galA115 Bluetooth Headset,White, True Wireless,3.2,23,345,999
Hey for FIER i7S Single Ear Best New Design And Lightwe...,White, True Wireless,3.5,431,160,899
WGM B12 Sports Bluetooth Bluetooth Headset,Black, In the Ear,3.9,35280,300,1299
Boult Audio AirBass Xpods TWS Earbuds with 20H Playtime...,Black, True Wireless,4.2,14154,1299,4999
boAt Rockerz 450 Pro with Upto 70 Hours Playback Blueto...,Aqua Blue, On the Ear,4,1431,1999,3990
ZEBRONICS Zeb Duke 101 Wireless Headphone with Mic Blue...,Blue, On the Ear,4.1,569,937,1899
Ucool SoundSport 80 Hours Playtime Wireless Neckband Ea...,Brown, Silver,3.7,6288,799,3499
"FIER FGN-K1B,K1W Pack 2bluetooth,headphone Bluetooth He...",Black, White,3.8,30,217,799
MICROBOTS i7s single ear bluetooth best quality for all...,White, True Wireless,3.6,72,125,499
AXYRO AR-7-SINGLE-WHITE-210 Bluetooth Headset,White, Steel,3.9,221939,167,999
boAt Airdopes 381 with ASAP charge Bluetooth Headset,Army Green, True Wireless,3.9,13327,1799,4990
U&I Fighter Series Deep Bass Neckband with 12 Hours Mus...,Black, In the Ear,3.8,52,399,1999
D1enterprises Samsung Ehs-61 Orginal earphones on the e...,White, In the Ear,3.6,1750,149,999
Boult Audio AirBass ENCore with Environmental Noise Can...,Black, True Wireless,3.5,31507,1999,6999
Czech Sports Stereo Headphones Bluetooth Headset,Black, True Wireless,3.9,18893,260,1973
WeCool Moonwalk Mini in ear bluetooth Earbuds with 16 h...,Black, Yellow,3.8,0,849,1999
blue seed BBD-S19 Wireless Earbuds 5.0 Headsets Dual Ea...,Black, True Wireless,3.6,45,662,1599
Unix SUPER BASS METAL DYNAMIC Wired Headset,Black, In the Ear,4,6102,141,299
SONY WI-C200 Bluetooth Headset,Black, In the Ear,4,1934,2069,2990
Wings Phantom Pro Gaming TWS with 30 Hrs Playtime Bluet...,Black, True Wireless,4,1193,2493,5499
U&I Possible Series Neckband with 60 Hours Music Time B...,Black, In the Ear,4,35,599,2999
ENMORA Headsphone bluetooth|headset bluetooth|earbud he...,Black, In the Ear,3.9,13517,222,699
WeCool Moonwalk M1 Bluetooth Earbuds with 20 hours play...,Black, True Wireless,3.9,10398,799,1999
Aroma NB120 Tehalka - 28 Hours Playtime Bluetooth Neckb...,Black, In the Ear,3.5,1037,379,1999
Czech Deep Bass earphone Mobile Headset with Mic.... Bl...,Black, In the Ear,4,1032,218,999
Ubon CL-116 Neckband Bluetooth Headset,Yellow, In the Ear,4,333036,489,1999
Wings Phantom 500 with ENC and 40 ms latency Bluetooth ...,Black, True Wireless,3.7,1582,2499,4999
Boult Audio ProBass Curve Neckband Bluetooth Headset,Black, Grey,3.7,3,999,3499
Tiitan S11 Wired Headset,Black, In the Ear,4.1,404,106,499
Hey for FIER Bluetooth Headset Bluetooth without Mic He...,White, In the Ear,3.3,119,160,599
"Noise Air Buds Pro with Active Noise Cancellation, Quad...",Celeste Blue, True Wireless,3.7,117,2999,7999
Enacfire E60 Bullets Wireless Z Bass Edition Neckband h...,Reverb black, In the Ear,3.9,55,599,3800
samsung uflex Headphone Wired Headset,White, In the Ear,3.9,35280,220,500
ZINUX Cyan 3.5mm Headphone with in-line Mic for Hi-Fi A...,Blue, Multicolor,3.9,221939,148,599
Callmate AirBolt Pro (TWS Buds) With Bass Earbuds | IPX...,Black, Silver,3.6,745,999,1999
Boult Audio AirBass Xpods TWS Earbuds with 20H Playtime...,Black, True Wireless,4.2,72556,1299,4999
boAt Airdopes 381 with ASAP charge Bluetooth Headset,Mint Green, True Wireless,4,2834,1799,4990
Tiitan N2 Bluetooth Headset,Black, In the Ear,3.6,1686,329,1599
JBL T450BT Extra Bass Bluetooth Headset,Black, On the Ear,4.2,74477,2374,3499
Aroma NB119 Advance - 40 Hours Playtime Bluetooth Neckb...,Yellow, Black,3.3,1842,533,2499
boAt Airdopes 491 True Wireless Bluetooth Headset,Spirit Lime, True Wireless,4.2,25388,2999,6990
ZSIV BT-22 SUPER BASS Grey With Long Life Battery Bluet...,Black, In the Ear,4,6245,449,1699
Redmi by Mi Hi-Resolution Audio Wired Headset,Red, In the Ear,3.9,13327,399,599
N2B MAGNET-02 PACK OF 2 Bluetooth Headset,Black, True Wireless,3.9,4844,254,1998
ULTADOR Wireless NECKBAND BLUETOOTH 40 HOURS BATTERY MU...,Black, In the Ear,3.9,18893,899,2099
boAt Bassheads 104 Wired Headset,Admiral, In the Ear,4.1,5047,399,999
Portronics Harmonics 216 Bluetooth Headset,Blue, In the Ear,4.2,77904,759,1999
U&I Fighter Series Deep Bass Neckband with 12 Hours Mus...,Black, In the Ear,4,140618,399,1999
PTron Basspods 681 Bluetooth Headset,Black, True Wireless,3.7,6288,1599,3999
iball Nano Earwear Ring-dock B9 Bluetooth Headset,Black, In the Ear,3.7,0,1079,1845
CatBull wireless neckband bluetooth Bluetooth Headset B...,Black, In the Ear,5,0,233,899
WeCool Moonwalk Mini in ear bluetooth Earbuds with 16 h...,Black, Yellow,5,0,849,1999
Jabra Talk 15 Bluetooth Headset,Black, In the Ear,3.5,0,1349,1899
SAMSUNG EHS64 Wired Headset,White, In the Ear,5,0,499,2499
realme Buds Q Bluetooth Headset,White, True Wireless,1,0,1999,799
"FIER FGN-K1B,K1W Pack 2bluetooth,headphone Bluetooth He...",Black, White,3.3,0,217,0
SAMSUNG EHS64 Wired Headset,White, In the Ear,4.2,77904,499,2499
Aroma NB136A Rifle Gaming Earbuds Bluetooth Gaming Head...,Yellow, True Wireless,3.7,1163,799,1999
DigiClues PRO 5.0 Bluetooth Headset,Black, In the Ear,3.4,84,549,5499
Wings Phantom Pro Gaming TWS with 30 Hrs Playtime Bluet...,Black, True Wireless,4,1934,2493,4999
Truke Fit Pro Bluetooth Headset,Green, True Wireless,3.7,18513,799,1599
blue seed BBD-S19 Wireless Earbuds 5.0 Headsets Dual Ea...,Black, True Wireless,3.6,45,662,299
Unix SUPER BASS METAL DYNAMIC Wired Headset,Black, In the Ear,3.9,10398,141,1999
Aroma NB120 Tehalka - 28 Hours Playtime Bluetooth Neckb...,Black, In the Ear,4,6102,379,2990
SONY WI-C200 Bluetooth Headset,Black, In the Ear,4,35,2069,699
ENMORA Headsphone bluetooth|headset bluetooth|earbud he...,Black, In the Ear,3.6,1162,222,3850
TECHFIRE FIRE 300 Platinum Series Neckband - Low Price ...,White, In the Ear,4,333036,599,3499
Boult Audio ProBass Curve Neckband Bluetooth Headset,Blue, Black,4,1193,799,2999
U&I Possible Series Neckband with 60 Hours Music Time B...,Black, In the Ear,4,1032,599,1999
Ubon CL-116 Neckband Bluetooth Headset,Yellow, In the Ear,3.8,825,489,2499
Aroma NB119 Bullet - 40 Hours Playtime Bluetooth Neckba...,Black, In the Ear,4,333036,528,3499
Boult Audio ProBass Curve Neckband Bluetooth Headset,Black, Grey,4.1,404,999,7999
"Noise Air Buds Pro with Active Noise Cancellation, Quad...",Pearl White, True Wireless,3.7,1582,2999,499
Tiitan S11 Wired Headset,Black, In the Ear,3.7,3,106,599
Hey for FIER Bluetooth Headset Bluetooth without Mic He...,White, In the Ear,4,226,160,3800
Enacfire E60 Bullets Wireless Z Bass Edition Neckband h...,Reverb black, In the Ear,4,6245,599,499
MICROBOTS single ear bluetooth best quality for all sma...,Multicolor, In the Ear,3.7,578,150,1999
Portronics Harmonics 216 Bluetooth Headset,Blue, In the Ear,3.3,1842,759,2999
Mytrack 288 Pro in-Ear with ASAP charging Version 5.0 N...,Black, In the Ear,4.1,404,499,1998
N2B MAGNET-02 PACK OF 2 Bluetooth Headset,Black, True Wireless,4.1,46980,254,7999
"Noise Air Buds Pro with Active Noise Cancellation, Quad...",Celeste Blue, True Wireless,4,239,2999,1599
REDMI SonicBass Neckband Bluetooth Headset,Black, In the Ear,4,2834,1299,4999
"PunnkFunnk K20 Gaming Headset, Over Ear Gaming Headphon...",Black, On the Ear,3.5,1713,949,2499
Aroma NB119 Advance - 40 Hours Playtime Bluetooth Neckb...,Yellow, Black,3.9,55,533,999
WeCool In Ear USB Type C earphones/ headphones with mic...,Black, In the Ear,3.7,117,399,1999
Callmate AirBolt Pro (TWS Buds) With Bass Earbuds | IPX...,Black, Silver,3.8,631,999,599
ZINUX Cyan 3.5mm Headphone with in-line Mic for Hi-Fi A...,Blue, Multicolor,3.6,745,148,1999
Aroma NB120B Dhoom - 28 Hours Playtime Bluetooth Neckba...,Black, In the Ear,3.9,221939,379,1599
Tiitan N2 Bluetooth Headset,Black, In the Ear,4.2,72556,329,4990
boAt Airdopes 381 with ASAP charge Bluetooth Headset,Mint Green, True Wireless,3.9,35280,1799,3499
JBL T450BT Extra Bass Bluetooth Headset,Black, On the Ear,3.3,119,2374,4999
Boult Audio AirBass Xpods TWS Earbuds with 20H Playtime...,Black, True Wireless,3.5,573,1299,500
samsung uflex Headphone Wired Headset,White, In the Ear,3.7,0,220,2099
ULTADOR Wireless NECKBAND BLUETOOTH 40 HOURS BATTERY MU...,Black, In the Ear,5,0,899,1699
ZSIV BT-22 SUPER BASS Grey With Long Life Battery Bluet...,Black, In the Ear,5,0,449,2499
Aroma NB133B Straight Wireless Earbuds Bluetooth Headse...,Black, True Wireless,3.7,0,699,0
BRD BLUETOOTHHEADSET-A8 Bluetooth Headset,Black, True Wireless,3.4,142,220,999
AMJ Wireless Magnet Bluetooth EarphoneSports for Runnin...,Black, In the Ear,4,3,139,349
ZEBRONICS Yoga Bluetooth Headset,Black, Yellow,3.6,800,949,2499
Clerby TWS Wireless Bluetooth Earphone Portable Bluetoo...,White, In the Ear,3.3,320,299,999
MASOORI Headset11 5.0 P With Mic Bluetooth Headset Blue...,White, True Wireless,3.6,14,399,1999
N2B MAGNET-K1-I7 Pack of 3 Bluetooth Bluetooth Headset,Black, White,3.3,26491,421,2848
CatBull Buds Wireless With 24 Hours Music Playback Blue...,Black, In the Ear,2.3,3,233,899
Aroma NB120 Tehalka - 28 Hours Playtime Bluetooth Neckb...,Black, In the Ear,3.9,10398,379,1999
APPLE MNHF2ZM/A Wired Headset,White, In the Ear,4.1,11138,1900,4495
N2B MAGNET RED & BLACK-K1-I7 Pack of 4 Bluetooth Blueto...,Black, White,3.3,4387,470,999
TECHFIRE TF_44 realme Buds Wireless Bluetooth Headset B...,black,Yellow,3.1,369,599,3499
Boult Audio ProBass Curve Neckband Bluetooth Headset,Black, Grey,4,333036,999,1299
"Borneo Opp.o Premium Ultra HD Sound sports,|Gym|Running...",Black, In the Ear,3.7,19,241,2499
ZEBRONICS Zeb-Rush Wired Gaming Headset,Red, On the Ear,4.1,172,1149,2499
Aroma NB119 Bullet - 40 Hours Playtime Bluetooth Neckba...,Black, In the Ear,3.8,825,528,3800
Enacfire E60 Bullets Wireless Z Bass Edition Neckband h...,Reverb black, In the Ear,3.8,48825,599,699
realme Buds Wired Headset,Black, In the Ear,3.9,4849,449,1799
Ambrane NeoBuds-33 Bluetooth Headset,White, True Wireless,3.4,20,999,990
WOKIT Mini Wireless Bluetooth Stereo In-Ear Headset / E...,Black, On the Ear,3.3,1842,299,1998
N2B MAGNET-02 PACK OF 2 Bluetooth Headset,Black, True Wireless,3.2,120,254,1999
Sunnybuy L21 True Wireless Portable Bluetooth Headset w...,Black, True Wireless,3.6,1787,899,1499
Sunnybuy In pods 12 Earphone Stereo v5.0 with Touch Sen...,Blue, In the Ear,3.5,1205,999,1999
Grostar TWS A6S ear buds True Wireless A6S Bluetooth (B...,Black, True Wireless,4,2834,667,2499
Aroma NB119 Advance - 40 Hours Playtime Bluetooth Neckb...,Yellow, Black,3.6,72,533,999
AXYRO AR-7-SINGLE-WHITE-210 Bluetooth Headset,White, Steel,3.3,716,167,399
MJ Hub HBS-730 Wireless/Bluetooth Earphone Compatible A...,Black, In the Ear,3.9,35280,199,999
Oxhox 4.1 Bluetooth Magnetic Sports Handset for Smartph...,Red, Black,5,14,148,4999
Boult Audio AirBass Xpods TWS Earbuds with 20H Playtime...,Black, True Wireless,4.2,824592,1299,1490
RPM Euro Games Gaming Earphones Headphones For Mobile P...,Blue, In the Ear,3.7,1233,699,999
boAt Bassheads 220 Wired Headset,Molten Orange, In the Ear,3.7,6288,549,1999
FIER FGN MAGNET RED & BLACK-K1-I7 Pack of 4 Bluetooth H...,Red and Black, White,4.3,310831,468,799
"FIER FGN-K1B,K1W Pack 2bluetooth,headphone Bluetooth He...",Black, White,4,1934,217,2990
boAt Rockerz 400 Bluetooth Headset,Green, Grey,3.4,176,1299,5499
Wings Phantom Pro Gaming TWS with 30 Hrs Playtime Bluet...,Black, True Wireless,3.9,13327,2493,1499
KASODH B0T-1 Bluetooth Headset,Red, Black,4,7195,298,1999
U&I Fighter Series Deep Bass Neckband with 12 Hours Mus...,Black, In the Ear,3.3,4052,399,950
SAMSUNG Original EHS64AVFWECINU Wired Headset,White, In the Ear,4.1,287,499,2999
TECHFIRE Wired Extra Bass On-Ear Headphones Wired Heads...,Black, On the Ear,4.1,3030,259,4999
U&I Leather Series 100hours Music Time Bluetooth Headse...,Red1, In the Ear,3.4,0,899,0
Boult Audio FluidX Bluetooth Headset,Black, On the Ear,5,0,1199,0
tapfuture airpro Bluetooth Headset,White, True Wireless,3.4,302,699,2499
N2B PACK OF 2 Bluetooth Headset V4.1 with Mic Bluetooth...,Black, True Wireless,3.5,1204,242,1700
Ucool Prime 48 Hours Playtime Wireless Neckband Earphon...,Red, In the Ear,4,805,599,1996
DigiClues B-235 Wireless Neckband with Mic Powerful Ste...,Black, True Wireless,3.8,1212,699,2999
Grostar bluetooth headphone Bluetooth Headset (TEAL GRE...,TEAL GREEN, In the Ear,3.9,27,549,1999
meoww 3.5mm Deep Bass For O_PPO Reno Series Wired Heads...,White, In the Ear,3.9,3281,170,699
KAWL EP61_WT_Wired Earphones_with HD Microphone Wired H...,White, In the Ear,4,819,88,399
Nokia T2000 Rapid Charge Neckband Bluetooth Headset,Midnight Black, In the Ear,3.5,459,1999,2999
Portronics POR-1070 Conch Gama Wired Headset,Red, In the Ear,3.5,55,249,599
FIER FGN-MGNET-B2 Bluetooth Headset Bluetooth Headset,Black, In the Ear,3.7,674,158,599
Allmusic OPP.O Ultra HD Sound Premium Bass Sports /Gym/...,Black, In the Ear,3.8,10766,270,999
"Allmusic Op.po F11 pro,A3s,F9 Pro,K1,A5,A7,F9,F7,A5s,F5...",Black, In the Ear,3.7,85,199,749
Enacfire X12 Moonwalk TWS in ear Bluetooth Earbuds Head...,Black, True Wireless,3.5,182,799,5500
realme Buds Air Pro Active Noise Cancellation Enabled B...,Matte Black, True Wireless,3.3,643,4999,5999
DigiClues Extra Bass Live 200 Bluetooth Headset,Black, True Wireless,3.6,1093,599,1999
CADNUT Super Extra Bass On-Ear Wired Headphone In-line ...,Blue, On the Ear,4.2,55,235,1999
LIFE MUSIC high quality HBS 730 Neckband wireless Sport...,Black, In the Ear,4,6781,270,1199
"CatBull Kaju Bluetooth earpiece, Mini S530 Bluetooth He...",Black, True Wireless,3.6,89,127,499
Nu Republic Rush X6 With Environmental Noise Cancellati...,Blue, True Wireless,4,43,749,1999
ZEBRONICS Zeb-Iron Head Wired Gaming Headset,Black, On the Ear,3.8,86505,999,2799
ZEBRONICS ZEB-BANG Bluetooth Headset,Orange, On the Ear,3.8,13,795,1599
"YODNSO Op_po F9 Pro, F11 A3s, A7, A5, A83, F5, F7, K1 E...",White, In the Ear,4.2,6771,149,800
IMS TWS i12 Earpods Bluetooth Wireless Earbuds Bluetoot...,White, True Wireless,3.7,256,499,1299
realme Buds Air Neo Bluetooth Headset,Red, True Wireless,3.9,5788,2499,2999
Muzifit Boomband RX135 Bluetooth Wireless Neckband with...,Grey, In the Ear,3.8,665,499,2299
Soundcore by Anker R100 Fast charging TWS with 25 hours...,White, True Wireless,4,56,1799,4999
BRD BLUETOOTHHEADSET-A17 Bluetooth Headset,White, True Wireless,3.7,3672,170,798
Noise One Wireless Bluetooth Headset,Calm Blue, On the Ear,4.2,7050,1329,3999
Aroma NB120 Pro Bigtime - 60 Hours Playtime Bluetooth N...,Red, Black,3.6,947,598,3499
tvAt HIGH BASS ISOLATED EARPHONE Wired Headset,White, In the Ear,3.9,55,147,299
Para IN-EAR WIRED EARPHONES WITH MIC Wired Headset(Cyan...,Cyan, In the Ear,3.8,48,179,399
Cosmic Byte GS430 Wired Gaming Headset,Green, On the Ear,3.6,101,929,1499
P3A Magnet Red & K1 White Bluetooth Pack of 2 Bluetooth...,Red, White,3.7,1373,259,1998
Callmate CollarTune (35 hours Backup) Wireless Neckband...,Gold, In the Ear,4.1,3030,660,1999
NIRUM Sports Handsfree HBS 730 Wireless Dual Connect He...,Black, In the Ear,3.8,2696,220,399
Worricow 100% Wireless Portable Sh-12 Sports Stereo Hea...,Black, On the Ear,3.8,914,479,1499
Boult Audio AirBass SoulPods Bluetooth Headset,White, True Wireless,3.3,0,2499,9999
Boult Audio FluidX Bluetooth Headset,Black, On the Ear,1,0,1199,4999
TECHFIRE M-31 Neckband hi-bass Wireless Bluetooth headp...,Black, In the Ear,1,0,598,3850
HOPPUP SONIC with 20 Hours Play Time Bluetooth Headset,Red, On the Ear,3.7,0,699,1999
Boult Audio Bassbuds X1 Wired Headset,Red, In the Ear,4.1,166582,299,999
ZEBRONICS Zeb-Rush Wired Gaming Headset,Blue, On the Ear,4.1,172,1149,2499
Ubon CL-20FB Wireless Neckband | Built-in 6hrs Bluetoot...,Red, In the Ear,3.6,39073,559,2499
Hitage 11 Best Bass Clear Sound Wired Headset,White, In the Ear,4.2,52,109,399
TECHFIRE Neckband wireless headphones with 16 hours Pla...,Red, In the Ear,3.5,843,399,2550
Duet JBL Mini Bluetooth Headset,Black, In the Ear,3.6,26,239,999
JBL T165BT Bluetooth Headset,Black, In the Ear,3.8,3871,1699,2699
ZEBRONICS Zeb-Bang Bluetooth Headset,Black, On the Ear,4,6781,840,1599
Cosmic Byte H11 Gaming Wired Gaming Headset,Purple, On the Ear,4.2,3533,895,1199
TECHFIRE Platinum Series Neckband - Low Price Bluetooth...,Red, In the Ear,3.8,3440,578,2850
the gifting tree KDM M8 Wired Headset Wired Headset,Black, In the Ear,3.3,3,279,799
CatBull S530 Hands-Free earphone for All Smartphone Blu...,Black, True Wireless,4.3,4,138,899
FKU BLUETOOTH NECKBAND WITH Memory Card Slot Bluetooth ...,Grey, In the Ear,3.4,373,499,1499
"MIFKRT Dual Driver Wired Headset with Mic (Night Black,...",Black, In the Ear,3.5,86,299,1399
PHILIPS TAT4205BK (TWS) with IPX5 Splash-Proof Design B...,Black, True Wireless,3.6,1471,1499,6999
U&I Nice Series IPX4 Neckband with 10 Hours Battery Bac...,Black, In the Ear,3.9,4050,599,2299
OPPO Enco W11 With Noise Cancellation for calls Bluetoo...,White, True Wireless,4,23199,2499,3999
Nokia T3010 Bluetooth Headset,Crystal Blue, True Wireless,4.1,55,1499,2099
FLYSTO BT9-M165O B-WHITE Bluetooth Headset,Black::White, In the Ear,3.6,558,300,799
"AMJ Audio Headsets with 10mm Drivers, Sports Bluetooth ...",Black, In the Ear,4.4,23,369,799
Nu Republic Dawn X3 Bluetooth Headset,Neon,Black,3.5,1288,475,1499
Portronics Harmonics 216 Bluetooth Headset,Black, In the Ear,4,6245,799,1999
Aroma NB119 Freedom - 72 Hours Playtime Bluetooth Neckb...,Black, In the Ear,3.8,27,749,2999
AMJ HBS_730Bluetooth Bluetooth Headset,Black, In the Ear,3.5,140,220,699
DigiClues Gaming TWS With Charging Case Stereo Sound Qu...,Black, True Wireless,3.8,1676,1799,4999
"SE WORLD P47 WIRELESS HEADPHONE Bluetooth, Wired Headse...",Black, On the Ear,3.8,42,399,1999
PHILIPS TAN2215BK/94 Splash Proof Wireless Neckband Blu...,Black, In the Ear,3.6,89,1749,3999
Ubon Classic Fit BT-160 Single ear Bluetooth Headset,Black, True Wireless,3.9,188,579,1699
"YODNSO Op_po F9 Pro, F11 A3s, A7, A5, A83, F5, F7, K1 E...",White, In the Ear,3.5,4,149,800
Tecno Ace A2 se Bluetooth Headset,Ace A2, True Wireless,3.3,353,394,799
ISC BUDS LIVE IN Black with Charging Case(Black) Blueto...,Black, True Wireless,3.4,350,999,1999
TECHFIRE Neckband wireless headphones with 36 hours Pla...,Grey, Blue,3.8,131,599,3850
FPX Sprint with 30 hrs Playtime and Fast Charging Bluet...,Gold, In the Ear,3.6,393,799,2999
kk2 Single-Side Talking K1 Lightweight Wireless Bluetoo...,Black, True Wireless,4.2,35,186,689
RFV1 TWS Bluetooth Earphones Touch Sensor with in Built...,White, True Wireless,3.7,45,499,999
gogadget 2 Combo Earphone MH3169 Wired Headset,White, In the Ear,4,10950,232,899
zofia 2EARBUD Bluetooth Headset,Black, True Wireless,4.2,38,1299,2999
DigiClues High Quality Bluetooth Headset,Black, True Wireless,4.1,0,999,1999
JBL Endurance RunBT IPX5 Sports Bluetooth Headset,Black, Grey,5,0,2499,3199
SONY MDR-EX155AP Gaming Earphones Clear Sound Extra Bas...,Black, In the Ear,5,0,1290,0
"FPX Roar Wireless Bluetooth neckband, Magneticbuds 33HR...",Grey , Silver,4,2193,699,2499
FLYSTO b11 bluetoothmini s650 mini bluetooth earphone B...,Black, True Wireless,3.3,157,449,1299
Aroma NB119 Rock - 40 Hours Playtime Bluetooth Neckband...,Orange, In the Ear,4,2909,669,2999
Clerby TWS Wireless Bluetooth Earphone Portable Bluetoo...,White, In the Ear,3.3,320,299,999
Sennheiser PC 5 CHAT Wired Headset,Black, On the Ear,4.1,214,1490,5999
drums GAMING BASS BUDS 11 Bluetooth Headset,Black, True Wireless,4,4,1079,3990
SONY C400 Bluetooth Headset,Blue, In the Ear,3.9,14726,3690,1999
Aroma NB120 Tehalka - 28 Hours Playtime Bluetooth Neckb...,Black, In the Ear,3.9,10398,379,2499
OUD 150Hrs Music Time Wireless Deep Bass Stereo Sound N...,Black, In the Ear,4.2,2111,799,3999
DigiClues Smart TWS L-21 With Charging Case Bluetooth H...,Black, True Wireless,4,1934,999,1099
Blaupunkt EM01 Wired Headset,Black, In the Ear,4.2,33645,349,5499
Wings Phantom Pro Gaming TWS with 30 Hrs Playtime Bluet...,Black, True Wireless,3.3,869,2493,3499
INFINITY by Harman Glide 501 Bluetooth Headset,Black, On the Ear,3.3,1842,1479,4999
DigiClues T-2 TWS With Charging Case & Power-Bank HQ So...,Black, True Wireless,3.5,761,1299,3990
boAt Rockerz 355 BBD Edition Bluetooth Headset,Active Black, In the Ear,3.5,524,2499,1998
N2B MAGNET-02 PACK OF 2 Bluetooth Headset,Black, True Wireless,3.8,89,254,399
pervious Wired Earphones with mic Light-weight and tang...,White, In the Ear,4,333036,179,999
FIER F Pack-2 new headset combo Bluetooth Headset,White, Black,3.8,891,220,1299
IMMUTABLE 98T4 _ Wireless Neckband Bluetooth Earphone H...,Black, Yellow,4,5,238,3499
Boult Audio ProBass Curve Neckband Bluetooth Headset,Black, Grey,4,1143,999,2499
Grostar HKT-6 Wireless Earpiece Bluetooth 5.0 Earbuds w...,Black, True Wireless,3.3,1100,799,1999
Grostar Enacfire E60 Bullets Bluetooth Headset,Red, In the Ear,4.1,4074,599,2999
Remembrand ThunderBass 450 Bluetooth Headset,Active Black, In the Ear,3.4,181,599,3800
Enacfire E60 Bullets Wireless Z Bass Edition Neckband h...,Reverb black, In the Ear,4,2834,599,1599
Callmate Single Ear Headset with 20 Hours Backup Blueto...,Black, Blue,3.9,304,529,2000
PTron Soundster Lite Bluetooth Headset,Black, On the Ear,3.5,13,799,999
BRD BLUETOOTHHEADSET-B2 Bluetooth Headset,Black, True Wireless,3.7,6288,174,2499
Aroma NB119 Advance - 40 Hours Playtime Bluetooth Neckb...,Yellow, Black,3.9,191,533,2499
"Ubon Wireless Neckband FLEETBEAT CL-76, Built-in SD-car...",Black, In the Ear,3.5,3534,799,899
TEQIR Stereo Music Hanging Neckband Wireless Earphone B...,Black, In the Ear,4,29660,499,999
A R Wireless compatible with Headset Bluetooth SPORT ME...,Red, Multicolor,3.9,35280,188,799
"FIER FGN-K1B,K1W Pack 2bluetooth,headphone Bluetooth He...",Black, White,4.3,310831,217,1699
blue seed BBD-S19 9d holographic Sound Bluetooth Headse...,Multicolor, True Wireless,3.2,52,662,1299
Nu Republic Dawn X2 Bluetooth Headset,Red, Black,3.6,10,475,6999
Soundcore by Anker Life Note True Wireless Bluetooth He...,Black, True Wireless,3.3,26491,2494,4999
Boult Audio AirBass Xpods TWS Earbuds with 20H Playtime...,Black, True Wireless,3.4,0,1299,2800
boAt Rockerz 400 Super Extra Bass Bluetooth Headset,Blue, Black,1,0,1299,5999
drums TWS WIRELESS 015 Bluetooth Headset,Black, True Wireless,1,0,899,1499
Qexle Neckband BT Compatible 730 With Light Bass Sport ...,Black, In the Ear,4,0,399,2848
N2B MAGNET-K1-I7 Pack of 3 Bluetooth Bluetooth Headset,Black, White,3,0,421,0
Crezor air_pods pro headphone buds Bluetooth Headset Bl...,White, True Wireless,3.6,97,749,2999
TECHFIRE BULLET M-31 Pro 2 Neckband Wireless Bluetooth ...,TEAL GREEN, In the Ear,3.7,54,599,2850
Clownfish HEADPHON BLUETOOTH WIRELESS I-12 BLACK IN THE...,Black, True Wireless,3.6,8279,469,1999
ZEBRONICS ZEB-COROLLA Wired Headset,Black, In the Ear,3.5,2649,199,399
Hitage Round i like METAL EARPHONE earphone with One Ke...,Black Metal, In the Ear,3.5,129,129,349
POKRYT BT26 Long Life Battery Backup 24 Hours With Mic ...,Black, In the Ear,3.7,49,899,1999
Callmate Flex Curve (80 Hours Backup) Wireless Neckband...,Gold, In the Ear,4.2,47,745,2199
phinics i12 Earpods Bluetooth Headset Bluetooth Headset...,Pink, True Wireless,3.3,518,549,1199
Foxne Point One side Wireless Bluetooth Headset 12h Bat...,Black, True Wireless,3.8,155,622,1999
N2B ADVANCED MAGNET RED Bluetooth Headset,Red, Gold,4.8,5,173,1199
FIGER BT SL 231 Bluetooth Headset,Silver, Black,3.9,14726,499,1999
TIGENECY LOW PRICE ALL MOBILE SUPPORTED COMBO -K1 Bluet...,Black, In the Ear,4.4,108,225,999
FUTURESTARRKK Air_pods pro wireless headphone with char...,White, True Wireless,4.2,10,1499,2999
Cosmic Byte Uranus RGB LED Wired Gaming Headset,Devil Red, Black,4,389,1554,1599
SONY C400 Bluetooth Headset,Black, In the Ear,3.9,34,3600,3990
U&i Prime Shuffle 4 IPX5 Bluetooth Headset with 15 Hour...,Green, In the Ear,3.5,16,999,3999
ZOYASLIX Best Sam_sung ys Hendfree S6 FOR J4/J5/J7/J8/A...,White, In the Ear,4.8,6,202,800
Ubon BT-5720 Rapstar Wireless 5.0 On Ear Headphone 10 H...,Black, On the Ear,3.5,1638,999,1999
RJFuture I12 TWS Earphone Wireless Earbuds Bluetooth He...,White, In the Ear,4.1,12,434,1199
Hitage NBT-6578+ 41 HOURS GRATE DESIGN ORIGINAL SOUND W...,Multicolor, In the Ear,3.4,6829,799,1999
Hey for FIER K1 B PACK OF 2 Bluetooth Headset V4.1 Blue...,Black, True Wireless,3.9,1893,201,899
wow wireless Duel Driver Wired Headset (Blue In ear) Wi...,Blue, In the Ear,3.8,355,235,999
STYLELTROICS super bass Earphone for Hua_wei /Sam_sung ...,White, In the Ear,4.3,7,240,1199
ALTRONICS High Bass Universal Wired Earphone Mic For V1...,White, In the Ear,4,41082,299,599
icall BestSound Latest P47 With Mic With 6 Hour Battery...,Multicolor, On the Ear,4.3,47,420,1999
Ubon UB-785 Champ Earphone Wired Headset,Black, In the Ear,3.6,6222,149,175
Ubon CL-66 Sound King 70 Hrs Backup Wireless 5.0 Neckba...,Multicolor, In the Ear,3.1,583,1299,3999
"FPX Emerald In Ear Neckband 60Hr Playtime SD card Slot,...",Grey, In the Ear,3.8,3179,679,2999
Worricow Sport HBS-730 Neckband Wireless Bluetooth Wate...,Black, In the Ear,3.3,102,239,1999
ZEBRONICS Zeb-Thunder(Blue) Bluetooth Headset,Blue, On the Ear,4.3,4051,799,1199
DettoZap Bluetooth i12s Wireless Earphone with Mic and ...,Shining White, True Wireless,3.8,355,489,1499
Reborn 30 Hours non-Stop Backup Unquie HQ Neckband Wire...,Black, In the Ear,4,3142,549,1999
CASADOMANI Dual Twins Wireless Earbuds with Mic Mini Bl...,White, True Wireless,4.3,0,349,800
Gannu earbuds i12 5.0 With Mic Bluetooth Bluetooth Head...,White, True Wireless,5,0,399,1799
ZEBRONICS ZEB-BRO+ Extra Heavy bass earphone Wired Head...,Black, In the Ear,4,0,228,349
DigiClues Upto 8 Hrs Playtime With Mic Bluetooth Headse...,Black, True Wireless,3.7,0,649,2499
KOTION EACH KOTION EACH_G2000 Wired Gaming Headset,Black/Blue, On the Ear,1,0,1525,1649
FPX Emerald with 60 hrs Playtime Bluetooth Headset,Blue, In the Ear,1,0,759,2999
JOCOBOO Wireless Sweatproof Stereo Headphone Best Buy B...,Black, In the Ear,3.5,0,255,1599
SONY WI-XB400 Extra Bass Wireless Stereo Headset Blueto...,Blue, In the Ear,4,0,3319,4990
JOCOBOO Wireless Sweatproof Stereo Headphone Best Buy B...,Black, In the Ear,4,4689,255,1599
SONY WF-XB700 With 18 Hours Battery Life Bluetooth Head...,Blue, True Wireless,3.7,116,6990,11990
Ubon Computer Headphone UB-1460 with Mic Wired Headset,Black, On the Ear,3.9,10398,499,1199
Aroma NB120 Tehalka - 28 Hours Playtime Bluetooth Neckb...,Black, In the Ear,4.2,5,379,1999
Bhanu 100% Party Sound Powerfull Dynamic Drivers for Ef...,Black, In the Ear,3.6,148,299,1899
DigiClues S109 Single Wireless 18 Hours of Calling with...,Black, True Wireless,3.4,120,599,1999
Qexle HBS-730 bluetooth headset with Bluetooth Headset ...,Black, In the Ear,4,1934,449,1399
Wings Phantom Pro Gaming TWS with 30 Hrs Playtime Bluet...,Black, True Wireless,3.4,35,2493,5499
SmartKart Classical Sound earphone 3.5 mm jack with ext...,White, In the Ear,4.3,36720,198,899
JBL Endurance Run Wired Headset,Red, In the Ear,3.8,13159,1099,1599
JBL Tune 125BT Bluetooth Headset,Grey, In the Ear,3.3,1842,1614,2999
N2B MAGNET-02 PACK OF 2 Bluetooth Headset,Black, True Wireless,3.3,193,254,1998
FLYSTO K1 bluetoothmini s650 mini bluetooth earphone CO...,Black, True Wireless,3.8,1212,300,999
"Grostar bluetooth headphone Bluetooth Headset (BLUE, In...",Blue, In the Ear,3.3,1181,549,1999
FIER RRT-MAGNET-3 Bluetooth Headset Bluetooth Headset,Black, In the Ear,4,333036,167,599
Boult Audio ProBass Curve Neckband Bluetooth Headset,Black, Grey,4.6,28,999,3499
youshee tech i7s tws Bluetooth Headset,White, True Wireless,3.6,97,359,999
Crezor air_pods pro headphone buds Bluetooth Headset Bl...,White, True Wireless,3.2,232,749,2999
Stylord RML-BT-1 Bluetooth Headset,Yellow, In the Ear,4,2110,359,2524
Enacfire E60 Bullets Wireless Z Bass Edition Neckband h...,Reverb black, In the Ear,4,2834,599,3800
ZEBRONICS Zeb-Lark Wireless Bluetooth Headset,Red, In the Ear,3.4,1396,999,1449
RJFuture RML NECKBAND Bluetooth Headset,Black, Yellow,3.8,427,219,599
JBL Quantum 100 Wired Gaming Headset,Blue, On the Ear,4,1431,2599,3999
Aroma NB119 Advance - 40 Hours Playtime Bluetooth Neckb...,Yellow, Black,3.9,35280,533,2499
Soundcore by Anker R500 Fast charging neckband with 20 ...,Black, In the Ear,3.6,11,1480,2999
Ubon UB-720 Inline Wired Earphone Wired Headset,Black, In the Ear,3.5,8889,179,399
ZEBRONICS ZEB DUKE 101 Wireless Headphone with Mic Blue...,Black, On the Ear,4,4,944,1899
Boult Audio AirBass Xpods TWS Earbuds with 20H Playtime...,Black, True Wireless,3.7,6288,1299,4999
Alafi Viv_o hendfree for Red_mi/Op_po/Sam_sung/Mo_to /H...,White, In the Ear,4,1032,149,800
Czech Wireless/bluetooth Headset Bluetooth Headset,Multicolor, In the Ear,3.5,172,240,999
Casa Tech Portable Wireless Bluetooth Earphones For All...,White, True Wireless,4,3,349,800
"FIER FGN-K1B,K1W Pack 2bluetooth,headphone Bluetooth He...",Black, White,3.3,26491,217,799
Ubon CL-117 Neckband Bluetooth Headset,Orange, In the Ear,4.1,166582,489,1999
Skullcandy Ink'd Plus Wireless Bluetooth Headset,Black, In the Ear,3.9,2469,3000,3999
RPMSD True Wireless ProBuds Headphone Earphone With Cha...,Black, Red,3.3,40,1327,2995
N2B MAGNET-K1-I7 Pack of 3 Bluetooth Bluetooth Headset,Black, White,3.9,13327,421,2848
Boult Audio Bassbuds X1 Wired Headset,Red, In the Ear,4,0,299,999
Mivi TEDPM40-BK Bluetooth Headset,Black, True Wireless,5,0,1499,3999
Bhanu Hurry Best Deal High Level Party Sound &Bass in B...,Blue, In the Ear,1,0,299,1699
U&I Fighter Series Deep Bass Neckband with 12 Hours Mus...,Black, In the Ear,4,0,399,1999
Foxne Point One side Wireless Bluetooth Headset 12h Bat...,Black, True Wireless,4.2,47,654,1999
kk2 Ear Headphone for Compatible to All Android Mobile ...,White, In the Ear,3.8,175,156,399
ZEBRONICS Zeb Yoga 90 Plus Bluetooth Headset,Blue, Black,3.8,42,899,2299
Wings Phantom Pro Gaming TWS with 30 Hrs Playtime Bluet...,Black, True Wireless,4,1934,2493,5499
icall BBD-S650 Mini Bluetooth or K1 Bluetooth Headset,Black, True Wireless,4,6,299,999
boAt Immortal IM1300 Bluetooth Gaming Headset,White Sabre, On the Ear,3.7,1602,3499,9990
FKU 5.0 Bluetooth NECKBAND WITH Memory Card Slot Blueto...,Multicolor, In the Ear,3.1,43,499,1499
Aroma NB120 Tehalka - 28 Hours Playtime Bluetooth Neckb...,Black, In the Ear,3.9,10398,379,1999
Avlokan Air Tune (Buds) True Wireless Bluetooth Headset...,Assorted, True Wireless,3.5,557,426,1299
"AUDONIC Earphones with mic for A3s,A5s,A7,A37,A57,A71,A...",White, In the Ear,3.6,1238,268,899
Noise One Wireless Bluetooth Headset,Soft Black, On the Ear,3.9,5788,1312,3999
Boult Audio ProBass Curve Neckband Bluetooth Headset,Blue, Black,4,333036,799,3499
ZEBRONICS ZEB-COROLLA Wired Headset,Black, In the Ear,3.6,8279,199,399
POKRYT BT26 Long Life Battery Backup 24 Hours With Mic ...,Black, In the Ear,3.5,2649,899,1999
Hitage Round i like METAL EARPHONE earphone with One Ke...,Black Metal, In the Ear,4,333036,129,349
Boult Audio ProBass Curve Neckband Bluetooth Headset,Black, Grey,3.6,6222,999,3499
CASADOMANI Dual Twins Wireless Earbuds with Mic Mini Bl...,White, True Wireless,3.7,54,349,800
Clownfish HEADPHON BLUETOOTH WIRELESS I-12 BLACK IN THE...,Black, True Wireless,3.8,155,469,1999
TECHFIRE BULLET M-31 Pro 2 Neckband Wireless Bluetooth ...,TEAL GREEN, In the Ear,4.8,4,599,2850
Enacfire E60 Bullets Wireless Z Bass Edition Neckband h...,Reverb black, In the Ear,3.3,1842,599,3800
TIGENECY LOW PRICE ALL MOBILE SUPPORTED COMBO -K1 Bluet...,Black, In the Ear,3.9,14726,225,999
Gannu 2 5.0 Wireless Earphone Bluetooth Headset Bluetoo...,Yellow, In the Ear,4.4,108,499,1999
sykz Air Buds Mini Truly Wireless Bluetooth Headset,Black, True Wireless,3.4,49,749,1999
N2B MAGNET-02 PACK OF 2 Bluetooth Headset,Black, True Wireless,4,2834,254,1998
SONY C400 Bluetooth Headset,Black, In the Ear,3.9,4849,3600,3990
U&i Prime Shuffle 4 IPX5 Bluetooth Headset with 15 Hour...,Green, In the Ear,4,1431,999,3999
Hey for FIER Magnet Blutooth Headset for all Supported ...,Black, In the Ear,3.9,35280,157,899
Aroma NB119 Advance - 40 Hours Playtime Bluetooth Neckb...,Yellow, Black,4.2,10,533,2499
Ambrane NeoBuds-33 Bluetooth Headset,Pink, True Wireless,4,389,949,1799
Hitage NBT-6578+ 41 HOURS GRATE DESIGN ORIGINAL SOUND W...,Multicolor, In the Ear,3.5,16,799,1999
ZEBRONICS ZEB DUKE 101 Wireless Headphone with Mic Blue...,Black, On the Ear,3.5,573,944,1899
Boult Audio AirBass Xpods TWS Earbuds with 20H Playtime...,Black, True Wireless,3.9,34,1299,4999
ZOYASLIX Best Sam_sung ys Hendfree S6 FOR J4/J5/J7/J8/A...,White, In the Ear,4.3,7,202,800
Ubon BT-5720 Rapstar Wireless 5.0 On Ear Headphone 10 H...,Black, On the Ear,3.8,355,999,1999
wow wireless Duel Driver Wired Headset (Blue In ear) Wi...,Blue, In the Ear,3.6,1904,235,999
Aroma NB133B Straight Wireless Earbuds Bluetooth Headse...,Black, True Wireless,3.5,0,699,2499
Hey for FIER K1 B PACK OF 2 Bluetooth Headset V4.1 Blue...,Black, True Wireless,5,0,201,899
Worricow Sport HBS-730 Neckband Wireless Bluetooth Wate...,Black, In the Ear,1,0,239,1999
"FPX Emerald In Ear Neckband 60Hr Playtime SD card Slot,...",Grey, In the Ear,3.8,0,679,2999
FIER MGNT_k1-2 Bluetooth Headset Bluetooth without Mic ...,Black, True Wireless,5,0,228,999
JBL Endurance Run Wired Headset,Blue, In the Ear,4.3,36720,1069,1599
AMJ Sports 9-R1 Wireless Bluetooth Bluetooth Headset,Yellow, In the Ear,4.4,20395,238,899
SONY XB55AP Wired Headset,Black, In the Ear,3.9,10398,2390,2490
Aroma NB120 Tehalka - 28 Hours Playtime Bluetooth Neckb...,Black, In the Ear,3.5,2169,379,1999
TECHFIRE TUNE 200 Platinum Series Neckband - Low Price ...,Black, In the Ear,3.6,558,474,3850
FLYSTO M9-RD OKEY Bluetooth Headset,Red::Black3, In the Ear,4,29660,269,1299
Soundcore by Anker Life Note True Wireless Bluetooth He...,Grey, True Wireless,4,1934,2499,6999
Wings Phantom Pro Gaming TWS with 30 Hrs Playtime Bluet...,Black, True Wireless,3.9,56,2493,5499
KDM M-8 Wired Headset,Black, Silver,3.5,3703,249,599
PTron Basspods 281 In-Ear True Wireless Bluetooth 5.1 H...,Black, Grey,3.8,1860,999,2699
FPX Flex Pro with 35 hrs Playtime Bluetooth Headset,Red, Black,3.3,1842,699,2499
N2B MAGNET-02 PACK OF 2 Bluetooth Headset,Black, True Wireless,3,64,254,1998
DigiClues Bass-Dops Bluetooth Headset,Black, True Wireless,3.3,85,999,2999
SkyKey SN-I7 SINGLE -353 Bluetooth Headset,White, True Wireless,3.4,94,166,799
HSJ Original stereo audio Wired Headset,White, In the Ear,4,333036,248,700
Boult Audio ProBass Curve Neckband Bluetooth Headset,Black, Grey,3.9,1204,999,3499
Ucool Evolvesport 30 Hours Backup Wireless Neckband Ear...,Yellow, In the Ear,4,412,499,1999
Portronics POR-1182 Harmonics 300 Bluetooth Headset,Blue, In the Ear,3.8,3440,1234,2999
TECHFIRE Platinum Series Neckband - Low Price Bluetooth...,Black, In the Ear,3.7,31,599,2850
Ubon Passion Series CL-75 Bluetooth Headset,Black, In the Ear,3.9,480,589,1499
Attrrix Wireless Earphones Bluetooth 5.0 Bluetooth Head...,Black, True Wireless,3.8,25,699,2499
fiado i68-pro earpods 5.0 Tws Wireless Bluetooth Headse...,White, True Wireless,4.1,317,1061,7999
SONY WF-H800 With 16hrs Battery Life Bluetooth Headset,Black, True Wireless,4,2834,6990,16990
Aroma NB119 Advance - 40 Hours Playtime Bluetooth Neckb...,Yellow, Black,3.5,1169,533,2499
CatBull MAGNETIC_BT In-ear Bluetooth Headsets Bluetooth...,Black, In the Ear,3.9,246,132,699
Vingajoy Quick Charge CL-50 Wireless Neckband 45H Playt...,Black, In the Ear,3.9,35280,995,2999
Aroma NB134C Gun Gaming Earbuds Bluetooth Gaming Headse...,Black, True Wireless,3.3,18,949,2999
Boult Audio AirBass Xpods TWS Earbuds with 20H Playtime...,Black, True Wireless,3.7,10787,1299,4999
Earboss Truly Wireless Earbuds/pod/ buds 5.0 Bluetooth ...,Black, True Wireless,3.4,482,664,1999
ZEBRONICS ZEB-LARK Bluetooth Headset,Gray, In the Ear,3.7,6288,855,1399
P3A Magnet Red & Black Bluetooth Pack of 2 Bluetooth He...,Red, Black,4,11150,259,1998
"FIER FGN-K1B,K1W Pack 2bluetooth,headphone Bluetooth He...",Black, White,4.3,7171,217,799
JBL T50HI Wired Headset,Red, In the Ear,3.3,26491,549,999
Enacfire E60 Bullets Wireless Z Bass Edition Neckband h...,Reverb red, black,3.4,1014,599,3850
Cosmic Byte H1 Wired Gaming Headset,Blue, On the Ear,4.3,15,882,1199
N2B MAGNET-K1-I7 Pack of 3 Bluetooth Bluetooth Headset,Black, White,3.9,13327,421,2848
Togkart TWS i12 Bluetooth Headset,Black, True Wireless,3.9,0,455,1499
ARHUB A1 bluetooth o for Viv_o/Hono_r/Sam_sung/IOS/Op_p...,Black, True Wireless,5,0,225,599
PEarl Entities PREGET Wired Headset,Blue, Black,5,0,284,799
U&I Fighter Series Deep Bass Neckband with 12 Hours Mus...,Black, In the Ear,3.7,0,399,1999
Micromax AirFunk 1 Bluetooth Headset,Black, True Wireless,3.9,626,1234,2999
RJFuture I12 TWS Earphone Wireless Earbuds Bluetooth He...,White, In the Ear,3.4,64,434,1199
Aerizo Wireless Touch R100 Earbuds (Black) Bluetooth He...,Black, True Wireless,4,1934,589,1298
Wings Phantom Pro Gaming TWS with 30 Hrs Playtime Bluet...,Black, True Wireless,4.3,4234,2493,5499
Soundcore by Anker Liberty 2 True Wireless Bluetooth He...,Black, True Wireless,3.7,836,4999,9999
InOne High bass Wireless earphone with Magnetic buds an...,Red, In the Ear,5,3,699,1599
Obin BB-01 BoomBass Wired Headset,Black, In the Ear,3.9,10398,239,1299
Aroma NB120 Tehalka - 28 Hours Playtime Bluetooth Neckb...,Black, In the Ear,3.7,670,379,1999
5PLUS 5PHP28 Wired without Mic Headset,Red, On the Ear,3.6,101,496,3399
Sunnybuy TWS T8 True Air_buds Wireless High Bass premiu...,Black, True Wireless,3.5,154,1199,2999
"FIER FGN K1, Magnet pack 2 Bluetooth Headset Bluetooth ...",Black, True Wireless,4,333036,224,899
Boult Audio ProBass Curve Neckband Bluetooth Headset,Blue, Black,3.6,558,799,3499
FLYSTO M9-RD OKEY Bluetooth Headset,Red::Black3, In the Ear,3.7,6415,269,1299
PTron Basspods 581 Bluetooth Headset,Black & Red, True Wireless,3.6,240,999,3799
JBL Live 100BT Bluetooth Headset,Black, In the Ear,4,333036,1688,2999
Boult Audio ProBass Curve Neckband Bluetooth Headset,Black, Grey,3,4,999,3499
JOCOBOO sports wireless SH12 STEREO headphone and wired...,Red, White,3.9,27565,549,1999
Boult Audio Bass Buds StormX Wired Headset,Red, In the Ear,4.8,5,299,999
Cosmic Byte Uranus RGB LED Wired Gaming Headset,Fathom Blue, Black,3.5,881,1548,1599
Enacfire E60 Bullets Wireless Z Bass Edition Neckband h...,Reverb black, In the Ear,3.9,1724,599,3800
HYATT CREATION Wireless Bluetooth Earphone Bluetooth wi...,White, In the Ear,3.3,193,569,999
Tecno Ace A2 Bluetooth Headset,Black, In the Ear,3.3,1842,590,775
FLYSTO K1 bluetoothmini s650 mini bluetooth earphone CO...,Black, True Wireless,3.5,118,300,999
N2B MAGNET-02 PACK OF 2 Bluetooth Headset,Black, True Wireless,4.5,4,254,1998
"AXYRO Low Price ,HBS-730 sports Wireless Bluetooth Head...",Multicolor, On the Ear,3.8,665,303,999
JOCOBOO in pods 12 pro Bluetooth Headset,matt black, True Wireless,4,2834,549,1299
Aroma NB120 Pro Bigtime - 60 Hours Playtime Bluetooth N...,Silver, Black,3.7,6415,598,3499
Aroma NB119 Advance - 40 Hours Playtime Bluetooth Neckb...,Yellow, Black,3.4,34,533,2499
PTron Basspods 581 Bluetooth Headset,Black & Yellow, True Wireless,3.5,134,999,3799
Musify Trending Best HBS-730 Wireless Neckband With Cal...,Blue, In the Ear,3.9,35280,234,1299
TECHFIRE TF-110 Pro-36 hours playtime Wireless Neckband...,TEAL GREEN, In the Ear,4,3463,599,2850
Boult Audio AirBass Xpods TWS Earbuds with 20H Playtime...,Black, True Wireless,3.7,3,1299,4999
MINISO We Bare Bears In-Ear Headphones with Microphone ...,Pink, In the Ear,4,41082,250,700
"Wanzhow Wireless Headphones with Mic, SweatProof Dual P...",White, True Wireless,3.5,573,379,1399
"ZEBRONICS Zeb - Thunder Wired, Bluetooth Headset",Neon Yellow, On the Ear,3.5,8,899,2499
Aroma NB133B Straight Wireless Earbuds Bluetooth Headse...,Black, True Wireless,3.3,4027,699,2499
tapfuture L21 TWS Bluetooth Headset,Black, In the Ear,3.6,1904,689,2499
NICK JONES TWINS Double Wireless Bluetooth Earbuds with...,White, True Wireless,3.9,0,410,4999
DigiClues Smart TWS Buds-Max With Charging Case HD Soun...,Black, True Wireless,5,0,1499,999
FIER MGNT_k1-2 Bluetooth Headset Bluetooth without Mic ...,Black, True Wireless,1,0,228,0
FUTURESTARRKK TWS i12 Earpods Bluetooth Wireless Earbud...,White, True Wireless,3.7,9495,434,1199
U&I Yes Series Original True Wireless Headset - 8 Hours...,White, True Wireless,4,92275,949,2499
Skullcandy S2DUL-J571 Wired Headset,Purple/Black, In the Ear,4,1934,629,1099
Wings Phantom Pro Gaming TWS with 30 Hrs Playtime Bluet...,Black, True Wireless,4,9,2493,5499
icall BBD-Mini S650 Wireless Bluetooth in-Ear V4.0 with...,Black, True Wireless,3.1,56,349,999
AMJ Sports 9-R1 Wireless Bluetooth Bluetooth Headset,Yellow, In the Ear,3.9,10398,238,899
wow wireless basic wired headset with noice cancellatio...,Blue, In the Ear,3.7,197,235,599
Aroma NB120 Tehalka - 28 Hours Playtime Bluetooth Neckb...,Black, In the Ear,4.3,14,379,1999
POKRYT Hot SaleASAP charging Version 5.0 Bluetooth earp...,Black, In the Ear,4,333036,899,1999
Foxne Point Wireless Bluetooth 4.1 Headset with Mic for...,White, In the Ear,4,29660,216,799
PREMBROTHERS U&I Hammer Series UINB-4824 Neckband With ...,Black, Red,3.5,843,949,2999
Boult Audio ProBass Curve Neckband Bluetooth Headset,Blue, Black,4,1431,799,3499
Soundcore by Anker Life Note True Wireless Bluetooth He...,White, True Wireless,3.4,134,2493,6999
TECHFIRE Neckband wireless headphones with 16 hours Pla...,Yellow, In the Ear,3.5,1070,399,2550
ZEBRONICS Zeb Duke 101 Wireless Headphone with Mic Blue...,Red, On the Ear,3.8,2949,937,1899
Enacfire E60 Bullets Wireless Z Bass Edition Neckband h...,Reverb black, In the Ear,3.3,1842,599,3800
"ASWORLD EARPHONES Wired, Bluetooth Headset",White, In the Ear,4,29660,499,999
HOPPUP Vibe with 55 Hours Playtime Bluetooth Headset,Black, Grey,3.6,130,449,1499
Jabra Elite Active 65t Copper Bluetooth Headset,Blue, True Wireless,3.8,9600,4999,16999
N2B MAGNET-02 PACK OF 2 Bluetooth Headset,Black, True Wireless,4,333036,254,1998
Soundcore by Anker Life Note True Wireless Bluetooth He...,Black, True Wireless,3.7,153,2494,6999
KDM A-2 Sport 50H musi time Wireless Bluetooth Headset ...,Black, True Wireless,3.5,1288,969,2999
Nine9 Bluetooth Headphone with FM/SD Card Bluetooth Hea...,White, On the Ear,4.3,36720,499,843
Boult Audio ProBass Curve Neckband Bluetooth Headset,Black, Grey,4,2834,999,3499
Ubon BT-230 Wireless Headphone Immersive Audio Lightwei...,Black, On the Ear,4.2,35,899,1999
Nu Republic Dawn X3 Bluetooth Headset,Red, Black,4,10238,475,1499
JBL Endurance Run Wired Headset,Blue, In the Ear,3.5,2169,1069,1599
Aroma NB119 Advance - 40 Hours Playtime Bluetooth Neckb...,Yellow, Black,3.6,1904,533,2499
gogadget 2 Combo Earphone MH3169 Wired Headset,White, In the Ear,4,7195,232,899
SONY WI-C310 Bluetooth Headset,Black, In the Ear,3.9,28493,2675,2990
TECHFIRE TUNE 200 Platinum Series Neckband - Low Price ...,Yellow, In the Ear,4,10238,474,3850
FIER MGNT_k1-2 Bluetooth Headset Bluetooth without Mic ...,Black, True Wireless,3.5,573,228,999
SAMSUNG Original EHS64AVFBECINU Ultra Bass Wired Headse...,Black, In the Ear,3.6,53,499,2499
JBL T110BT Wireless Pure Bass Bluetooth Headset,Grey, In the Ear,3.9,3034,1648,2990
SONY WI-C310 Bluetooth Headset,Blue, In the Ear,3.9,35280,1999,2499
Aroma NB133B Straight Wireless Earbuds Bluetooth Headse...,Black, True Wireless,3.7,0,699,1999
PREMBROTHERS U&I Titanic series UINB-3987 Neckband With...,Black, In the Ear,5,0,598,999
CrossBuzz PLUS1BULLET WIRELESS 3 NECKBAND BLUETOOTH BAS...,Black, In the Ear,5,0,499,890
SONY MDR-EX15AP_Violet Wired Headset,Violet, In the Ear,3.5,0,885,4999
Boult Audio AirBass Xpods TWS Earbuds with 20H Playtime...,Black, True Wireless,5,0,1299,0
Ucool Evolvesport 30 Hours Backup Wireless Neckband Ear...,Yellow, In the Ear,3.9,1204,499,1999
JBL Wave 100TWS Bluetooth Headset,Black, True Wireless,3.8,1488,3999,6999
XB9 b11 neckband wirless headset P1 Bluetooth Headset,Blue, In the Ear,3.7,38,300,999
Wings Phantom Pro Gaming TWS with 30 Hrs Playtime Bluet...,Black, True Wireless,4,1934,2493,5499
HSJ Original stereo audio Wired Headset,White, In the Ear,3.4,94,248,700
SkyKey SN-I7 SINGLE -353 Bluetooth Headset,White, True Wireless,3.3,85,166,799
Logitech H390 USB Wired Headset,Black, On the Ear,4,18,3299,4695
Aroma NB120 Tehalka - 28 Hours Playtime Bluetooth Neckb...,Black, In the Ear,3.9,10398,379,1999
TECHFIRE Platinum Series Neckband - Low Price Bluetooth...,Black, In the Ear,3.8,3440,599,2850
boAt Rockerz 400 Bluetooth Headset,Carbon Black, On the Ear,4.3,310831,1499,2990
fiado i68-pro earpods 5.0 Tws Wireless Bluetooth Headse...,White, True Wireless,3.8,25,1061,7999
Boult Audio ProBass Curve Neckband Bluetooth Headset,Blue, Black,4,333036,799,3499
OUD 150Hrs Music Time Wireless Deep Bass Stereo Sound N...,Black, In the Ear,3.7,15,799,2499
DigiClues Up to 15 Hrs. Playtime With Mic Bluetooth Hea...,Black, True Wireless,4,333036,649,2999
Vingajoy Quick Charge CL-50 Wireless Neckband 45H Playt...,Black, In the Ear,3.9,246,995,2999
Boult Audio ProBass Curve Neckband Bluetooth Headset,Black, Grey,3.3,34,999,3499
Aroma NB134C Gun Gaming Earbuds Bluetooth Gaming Headse...,Black, True Wireless,3.3,18,949,2999
icall X9 earbuds bluetooth earphones single side Blueto...,Black, True Wireless,3.5,1169,392,999
Earboss Truly Wireless Earbuds/pod/ buds 5.0 Bluetooth ...,Black, True Wireless,4,6102,664,1999
Enacfire E60 Bullets Wireless Z Bass Edition Neckband h...,Reverb black, In the Ear,3.3,1842,599,3800
CatBull MAGNETIC_BT In-ear Bluetooth Headsets Bluetooth...,Black, In the Ear,3.7,10787,132,699
SONY WI-C200 Bluetooth Headset,White, In the Ear,3.4,482,2090,2990
FIGER BT SL 231 Bluetooth Headset,Silver, Black,4,2834,499,1999
N2B MAGNET-02 PACK OF 2 Bluetooth Headset,Black, True Wireless,3.3,20,254,1998
Enacfire E60 Bullets Wireless Z Bass Edition Neckband h...,Reverb red, black,4,11150,599,3850
ZEBRONICS ZEB-LARK Bluetooth Headset,Gray, In the Ear,3.6,753,855,1399
P3A Magnet Red & Black Bluetooth Pack of 2 Bluetooth He...,Red, Black,3.9,35280,259,1998
Aroma NB119 Advance - 40 Hours Playtime Bluetooth Neckb...,Yellow, Black,4.4,8,533,2499
drums PRO 35 Bluetooth Headset,Black, True Wireless,4.3,15,899,5999
JBL T50HI Wired Headset,Red, In the Ear,3.5,573,549,999
boAt Rockerz 305v2 Bluetooth Headset,Active Black, In the Ear,4.3,7171,1599,3990
Boult Audio AirBass Xpods TWS Earbuds with 20H Playtime...,Black, True Wireless,3.4,1014,1299,4999
"KAWL KEP161 Octave Wired Earphone, Call Answer HD Sound...",Red, In the Ear,3.6,1904,199,799
PEarl Entities PREGET Wired Headset,Blue, Black,3.7,0,284,799
TRUETAG AIR_POD with Charging Case Bluetooth Headset wi...,White, True Wireless,4,0,1449,3999
Aroma NB133B Straight Wireless Earbuds Bluetooth Headse...,Black, True Wireless,1,0,699,2499
Cosmic Byte H1 Wired Gaming Headset,Blue, On the Ear,3.8,0,882,1199
Togkart TWS i12 Bluetooth Headset,Black, True Wireless,3,0,455,1499
ARHUB A1 bluetooth o for Viv_o/Hono_r/Sam_sung/IOS/Op_p...,Black, True Wireless,3,0,225,599
FIER MGNT_k1-2 Bluetooth Headset Bluetooth without Mic ...,Black, True Wireless,4,0,228,999
Met style ENCO M31 Wireless bluetooth Neckband Bluetoot...,Blue, In the Ear,4.1,274,999,1999
Fire-Boltt BN1000 Bluetooth Headset,Black Red, In the Ear,4,1934,1299,2499
Hitage GH1927+ Wired Gaming Earphone with Detachable Lo...,Blue, In the Ear,3.6,11,499,1098
Wings Phantom Pro Gaming TWS with 30 Hrs Playtime Bluet...,Black, True Wireless,3.8,49,2493,5499
Casa Tech True Wireless Chargeable Earbud Bluetooth Hea...,White, True Wireless,4.4,7,349,800
Blaupunkt BTW25F GR Bluetooth Headset,Green, True Wireless,3.9,10398,1999,2999
ODIO OWE11 The Moksha Series(Aqua Blue) Wired Headset,Blue, In the Ear,4.1,257,249,499
Aroma NB120 Tehalka - 28 Hours Playtime Bluetooth Neckb...,Black, In the Ear,3.8,34,379,1999
Crystal Digital HBS-730 Bluetooth Headset Easy To Carry...,Black, In the Ear,4,333036,475,1699
Fire-Boltt BH1000 Bluetooth Headset,Black Blue, On the Ear,3.9,100,1599,2999
Fingers Chic BT5 Bluetooth Headset,Grey, In the Ear,3.6,14,1799,1999
Boult Audio ProBass Curve Neckband Bluetooth Headset,Blue, Black,4,333036,799,3499
Hitage NBT-6586+ RED Ultra BATTERY Magnetic Sports Part...,Red, In the Ear,3.7,1039,900,2999
Musify New 730 Sports Handsfree Calling Compatible With...,Black, In the Ear,3.8,704,234,1299
Sandarbh i7s Tws Ear Buds Wireless Bluetooth Earphone T...,White, True Wireless,3.8,610,349,999
Boult Audio ProBass Curve Neckband Bluetooth Headset,Black, Grey,3.6,165,999,3499
TCL SOCL200BT Bluetooth Headset,Phantom Black, In the Ear,3.3,1842,1199,2199
SONY WH-CH710N Active noise cancellation enabled Blueto...,Black, On the Ear,3.7,129,7990,14990
ZEBRONICS Zeb- Yoga 90 Pro Wireless Neckband (Black) Bl...,Black, In the Ear,4.1,9,937,2999
Enacfire E60 Bullets Wireless Z Bass Edition Neckband h...,Reverb black, In the Ear,4.3,19,599,3800
wow wireless WX-250 BLUETOOTH NECKBAND WITH 30 HOURS BA...,Blue, In the Ear,4,2834,649,2499
Hitage in-Ear Extra Bass earphone Wired Headset with Mi...,Black, In the Ear,3.7,10787,156,799
"ULTADOR Earbuds WirelessEarphones Noise Cancellation, 1...",Black, True Wireless,4.3,140,849,1699
N2B MAGNET-02 PACK OF 2 Bluetooth Headset,Black, True Wireless,3.9,167,254,1998
Nu Republic Flo 2 Bluetooth Headset,Black, True Wireless,3.6,1904,999,2999
WRAPMAXTECH OG True Wireless R11 Bluetooth Headset,Black, True Wireless,3.8,476,849,1900
CLAW SM50 Professional Wired Headset,Black, On the Ear,3.3,38,1890,2990
Aroma NB119 Advance - 40 Hours Playtime Bluetooth Neckb...,Yellow, Black,3.6,802,533,2499
ZEBRONICS Zeb-lark Bluetooth Headset,Orange, In the Ear,3.5,573,1150,1399
EKSA E900 Pro Wired Gaming Headset,Black, On the Ear,3.6,28,3229,4076
HRX X-Wave 9R_1 Bluetooth Headset,Solar Gold, In the Ear,3.7,125,999,1999
FIER MGNT_k1-2 Bluetooth Headset Bluetooth without Mic ...,Black, True Wireless,3.9,35280,228,999
Portronics Harmonics One Sports Bluetooth Headset,Black, In the Ear,3.8,0,797,1999
"KDM Wireless Earbuds 15 Hrs Playtime (4 Hrs Earbuds, 11...",Grey, In the Ear,5,0,1499,2999
Sunnybuy i12 TWS Bluetooth 5.0 (Sky Blue) Bluetooth Hea...,Blue, True Wireless,5,0,999,1449
Aroma NB133B Straight Wireless Earbuds Bluetooth Headse...,Black, True Wireless,3.8,0,699,2499
PADRAIG Metal Magnetic Wireless Bluetooth Sports Stereo...,Multicolor, In the Ear,5,0,219,999
ULTADOR i 12 Q2 Neo with Environment Cancellation Bluet...,White, True Wireless,3,0,749,1899
Hitage NBT-6858 Audio ProBass `Neckband Bluetooth Heads...,Red, In the Ear,3.7,0,521,1699
Boult Audio AirBass Xpods TWS Earbuds with 20H Playtime...,Black, True Wireless,4,0,1299,4999
